payment_id,customer_id,payment_date,payment_amount,currency,payment_method,bank_receipt_id,remittance_reference,payer_name,payment_status,created_at
PMT-000001,CUST-0002,2025-12-06,5428.81,USD,Wire,BR-000001,INV-000001,Lumen Foods,received,2025-12-06
PMT-000002,CUST-0002,2026-03-17,6900.0,USD,Wire,BR-000002,INV-000002,Lumen Foods,received,2026-03-17
PMT-000003,CUST-0002,2026-05-31,6900.0,USD,Wire,BR-000003,INV-000003,Lumen Foods,received,2026-05-31
PMT-000004,CUST-0002,2025-08-25,2884.58,USD,ACH,,INV-000004,Lumen Foods,received,2025-08-25
PMT-000005,CUST-0002,2025-12-01,2508.33,USD,ACH,BR-000004,INV-000007,Lumen Foods,received,2025-12-01
PMT-000006,CUST-0002,2026-01-19,2858.75,EUR,ACH,BR-000005,INV-000008,Lumen Foods,received,2026-01-19
PMT-000007,CUST-0002,2026-03-02,2508.33,USD,ACH,BR-000006,INV-000009,Lumen Foods,received,2026-03-02
PMT-000008,CUST-0002,2026-04-27,1827.45,USD,Wire,BR-000007,INV-000010,Lumen Foods,received,2026-04-27
PMT-000009,CUST-0002,2026-05-25,2508.33,USD,Wire,BR-000008,INV-000012,Lumen Foods,received,2026-05-25
PMT-000010,CUST-0003,2026-02-24,9111.11,EUR,Check,BR-000009,INV-000014,Pioneer Mobility,received,2026-02-24
PMT-000011,CUST-0003,2026-04-02,1916.66,EUR,Wire,BR-000010,INV-000015,Pioneer Mobility,received,2026-04-02
PMT-000012,CUST-0004,2026-01-30,23254.62,USD,Check,BR-000011,INV-000017,Solstice Group,received,2026-01-30
PMT-000013,CUST-0004,2026-03-27,19206.71,USD,Wire,BR-000012,INV-000019,Solstice Group,received,2026-03-27
PMT-000014,CUST-0004,2026-05-22,20706.38,USD,Wire,BR-000013,INV-000020,Solstice Group,received,2026-05-22
PMT-000015,CUST-0004,2025-10-22,509753.11,USD,ACH,BR-000014,INV-000023,Solstice Group,received,2025-10-22
PMT-000016,CUST-0005,2025-10-10,79900.0,USD,Card,BR-000015,INV-000024,Ironclad Health,received,2025-10-10
PMT-000017,CUST-0006,2025-09-24,16400.0,USD,Wire,BR-000016,INV-000025,Orchard Robotics,received,2025-09-24
PMT-000018,CUST-0007,2025-08-16,3801.34,USD,Wire,BR-000017,INV-000026,Sterling Ventures,received,2025-08-16
PMT-000019,CUST-0007,2025-10-14,4554.08,USD,Wire,BR-000018,INV-000027,Sterling Ventures,received,2025-10-14
PMT-000020,CUST-0007,2025-11-27,5299.38,USD,Wire,BR-000019,INV-000029,Sterling Ventures,received,2025-11-27
PMT-000021,CUST-0007,2026-01-08,3917.68,USD,Check,BR-000020,INV-000030,Sterling Ventures,received,2026-01-08
PMT-000022,CUST-0007,2026-04-22,4312.84,USD,ACH,BR-000021,INV-000032,Sterling Ventures,received,2026-04-22
PMT-000023,CUST-0007,2026-04-28,3728.23,USD,ACH,BR-000022,INV-000033,Sterling Ventures,received,2026-04-28
PMT-000024,CUST-0007,2026-05-31,5127.21,USD,ACH,BR-000023,INV-000034,Sterling Ventures,received,2026-05-31
PMT-000025,CUST-0007,2025-08-12,17803.15,EUR,Wire,BR-000024,INV-000037,Sterling Ventures,received,2025-08-12
PMT-000026,CUST-0007,2025-09-20,14712.17,USD,Wire,BR-000025,INV-000038,Sterling Ventures,received,2025-09-20
PMT-000027,CUST-0007,2025-10-09,15506.35,USD,Wire,,INV-000039,Sterling Ventures,received,2025-10-09
PMT-000028,CUST-0007,2026-01-17,13117.39,USD,Wire,BR-000026,INV-000040,Sterling Ventures,received,2026-01-17
PMT-000029,CUST-0007,2026-01-10,15690.22,USD,Wire,BR-000027,INV-000041,Sterling Ventures,received,2026-01-10
PMT-000030,CUST-0007,2026-02-24,15025.69,USD,ACH,BR-000028,INV-000042,Sterling Ventures,received,2026-02-24
PMT-000031,CUST-0007,2026-05-17,18784.5,USD,Check,BR-000029,INV-000044,Sterling Ventures,received,2026-05-17
PMT-000032,CUST-0007,2026-05-31,16401.49,USD,Wire,BR-000030,INV-000045,Sterling Ventures,received,2026-05-31
PMT-000033,CUST-0008,2025-10-01,91777.78,EUR,ACH,BR-000031,INV-000047,Tideline Holdings,received,2025-10-01
PMT-000034,CUST-0009,2026-04-28,712633.02,EUR,ACH,BR-000032,INV-000048,Northwind Media,received,2026-04-28
PMT-000035,CUST-0010,2025-09-26,7675.0,USD,Wire,BR-000033,INV-000049,Summit Networks,received,2025-09-26
PMT-000036,CUST-0010,2025-11-28,7675.0,USD,Wire,BR-000034,INV-000050,Summit Networks,received,2025-11-28
PMT-000037,CUST-0010,2026-03-06,7675.0,USD,ACH,BR-000035,INV-000051,Summit Networks,received,2026-03-06
PMT-000038,CUST-0010,2026-05-31,8826.25,USD,ACH,BR-000036,INV-000052,Summit Networks,received,2026-05-31
PMT-000039,CUST-0011,2025-09-24,241889.76,GBP,Wire,BR-000037,INV-000053,Lumen Labs,received,2025-09-24
PMT-000040,CUST-0012,2025-10-23,5850.0,USD,Wire,BR-000038,INV-000054,Pioneer Retail,received,2025-10-23
PMT-000041,CUST-0013,2025-09-30,470551.18,GBP,ACH,BR-000039,INV-000056,Solstice Energy,received,2025-09-30
PMT-000042,CUST-0013,2025-11-13,470551.18,GBP,Wire,BR-000040,INV-000057,Solstice Energy,received,2025-11-13
PMT-000043,CUST-0014,2026-03-19,8415000.01,ARS,Wire,BR-000041,INV-000058,Ironclad Studios,received,2026-03-19
PMT-000044,CUST-0014,2026-03-18,8415000.01,ARS,Wire,BR-000042,INV-000059,Ironclad Studios,received,2026-03-18
PMT-000045,CUST-0016,2026-03-10,2294.25,USD,Wire,BR-000043,INV-000061,Sterling Capital,received,2026-03-10
PMT-000046,CUST-0016,2026-03-25,2021.5,USD,ACH,BR-000044,INV-000062,Sterling Capital,received,2026-03-25
PMT-000047,CUST-0016,2026-05-01,3519.56,USD,ACH,BR-000045,INV-000063,Sterling Capital,received,2026-05-01
PMT-000048,CUST-0016,2025-10-29,1614.88,EUR,ACH,BR-000046,INV-000066,Sterling Capital,received,2025-10-29
PMT-000049,CUST-0016,2026-03-06,1793.51,USD,ACH,BR-000047,INV-000069,Sterling Capital,received,2026-03-06
PMT-000050,CUST-0016,2026-05-10,1911.72,USD,ACH,,INV-000071,Sterling Capital,received,2026-05-10
PMT-000051,CUST-0016,2025-10-03,4500.0,USD,Check,BR-000048,INV-000074,Sterling Capital,received,2025-10-03
PMT-000052,CUST-0016,2025-09-04,581.21,USD,ACH,BR-000049,INV-000075,Sterling Capital,received,2025-09-04
PMT-000053,CUST-0016,2025-10-03,599.62,USD,ACH,BR-000050,INV-000077,Sterling Capital,received,2025-10-03
PMT-000054,CUST-0016,2025-11-30,540.68,USD,ACH,BR-000051,INV-000078,Sterling Capital,received,2025-11-30
PMT-000055,CUST-0016,2026-04-29,429.8,USD,Card,BR-000052,INV-000081,Sterling Capital,received,2026-04-29
PMT-000056,CUST-0016,2026-05-31,335.71,USD,Wire,BR-000053,INV-000083,Sterling Capital,received,2026-05-31
PMT-000057,CUST-0020,2025-12-11,70873000.0,ARS,ACH,BR-000054,INV-000086,Lumen Foods,received,2025-12-11
PMT-000058,CUST-0020,2026-03-26,17182774.82,ARS,ACH,BR-000055,INV-000087,Lumen Foods,received,2026-03-26
PMT-000059,CUST-0020,2026-05-10,17004664.76,ARS,ACH,BR-000056,INV-000088,Lumen Foods,received,2026-05-10
PMT-000060,CUST-0020,2026-05-31,15704925.69,ARS,Wire,BR-000057,INV-000090,Lumen Foods,received,2026-05-31
PMT-000061,CUST-0021,2026-01-04,222592.6,EUR,ACH,BR-000058,INV-000092,Pioneer Mobility,received,2026-01-04
PMT-000062,CUST-0021,2026-01-27,222592.6,EUR,Card,BR-000059,INV-000093,Pioneer Mobility,received,2026-01-27
PMT-000063,CUST-0021,2026-03-06,222592.6,EUR,Check,BR-000060,INV-000094,Pioneer Mobility,received,2026-03-06
PMT-000064,CUST-0021,2026-04-07,222592.6,USD,Card,BR-000061,INV-000095,Pioneer Mobility,received,2026-04-07
PMT-000065,CUST-0021,2026-05-15,222592.6,EUR,Card,BR-000062,INV-000097,Pioneer Mobility,received,2026-05-15
PMT-000066,CUST-0023,2025-09-14,2519.5,USD,Check,BR-000063,INV-000104,Ironclad Health,received,2025-09-14
PMT-000067,CUST-0023,2025-11-08,2651.02,USD,ACH,BR-000064,INV-000105,Ironclad Health,received,2025-11-08
PMT-000068,CUST-0023,2025-10-28,2520.61,USD,Wire,BR-000065,INV-000106,Ironclad Health,received,2025-10-28
PMT-000069,CUST-0023,2026-01-03,3399.93,USD,Wire,BR-000066,INV-000107,Ironclad Health,received,2026-01-03
PMT-000070,CUST-0023,2026-01-30,4197.5,USD,ACH,BR-000067,INV-000108,Ironclad Health,received,2026-01-30
PMT-000071,CUST-0023,2026-03-03,4543.79,USD,ACH,BR-000068,INV-000109,Ironclad Health,received,2026-03-03
PMT-000072,CUST-0023,2026-03-31,4213.93,USD,ACH,BR-000069,INV-000110,Ironclad Health,received,2026-03-31
PMT-000073,CUST-0023,2026-05-31,2520.39,USD,Wire,,INV-000114,Ironclad Health,received,2026-05-31
PMT-000074,CUST-0024,2026-03-15,1891.67,USD,ACH,BR-000070,INV-000116,Orchard Robotics,received,2026-03-15
PMT-000075,CUST-0024,2026-03-27,1891.67,USD,Wire,BR-000071,INV-000117,Orchard Robotics,received,2026-03-27
PMT-000076,CUST-0024,2026-05-02,1978.24,USD,ACH,BR-000072,INV-000118,Orchard Robotics,received,2026-05-02
PMT-000077,CUST-0025,2025-04-18,155200.0,USD,Check,BR-000073,INV-000121,Sterling Ventures,received,2025-04-18
PMT-000078,CUST-0026,2025-10-04,72087.02,EUR,Check,BR-000074,INV-000122,Tideline Holdings,received,2025-10-04
PMT-000079,CUST-0026,2026-04-20,24111.11,EUR,ACH,BR-000075,INV-000123,Tideline Holdings,received,2026-04-20
PMT-000080,CUST-0026,2026-04-27,24111.11,USD,Check,BR-000076,INV-000124,Tideline Holdings,received,2026-04-27
PMT-000081,CUST-0027,2026-01-01,74400.0,USD,Wire,BR-000077,INV-000126,Northwind Media,received,2026-01-01
PMT-000082,CUST-0027,2025-05-29,46313.48,USD,ACH,BR-000078,INV-000127,Northwind Media,received,2025-05-29
PMT-000083,CUST-0027,2025-07-05,37650.0,USD,Wire,BR-000079,INV-000128,Northwind Media,received,2025-07-05
PMT-000084,CUST-0027,2025-07-11,42271.88,USD,Wire,BR-000080,INV-000129,Northwind Media,received,2025-07-11
PMT-000085,CUST-0027,2026-05-15,17511.01,USD,Wire,BR-000081,INV-000130,Northwind Media,received,2026-05-15
PMT-000086,CUST-0028,2026-05-27,253500.0,USD,ACH,BR-000082,INV-000131,Summit Networks,received,2026-05-27
PMT-000087,CUST-0028,2025-11-05,275200.0,USD,ACH,BR-000083,INV-000133,Summit Networks,received,2025-11-05
PMT-000088,CUST-0029,2026-05-13,12191.67,USD,Wire,BR-000084,INV-000134,Lumen Labs,received,2026-05-13
PMT-000089,CUST-0030,2026-05-31,2796.28,USD,Wire,BR-000085,INV-000138,Pioneer Retail,received,2026-05-31
PMT-000090,CUST-0031,2026-05-26,201369.93,MXN,ACH,BR-000086,INV-000140,Solstice Energy,received,2026-05-26
PMT-000091,CUST-0031,2025-12-26,1321000.0,MXN,Wire,BR-000087,INV-000142,Solstice Energy,received,2025-12-26
PMT-000092,CUST-0032,2026-04-03,397800.0,BRL,ACH,BR-000088,INV-000144,Ironclad Studios,received,2026-04-03
PMT-000093,CUST-0032,2026-05-31,397800.0,BRL,Wire,BR-000089,INV-000145,Ironclad Studios,received,2026-05-31
PMT-000094,CUST-0033,2026-05-31,2861.11,USD,ACH,BR-000090,INV-000147,Orchard Technologies,received,2026-05-31
PMT-000095,CUST-0033,2026-04-13,35451.93,USD,Wire,BR-000091,INV-000149,Orchard Technologies,received,2026-04-13
PMT-000096,CUST-0034,2026-05-31,4222.22,EUR,Wire,,INV-000150,Sterling Capital,received,2026-05-31
PMT-000097,CUST-0036,2025-12-30,372294.64,USD,Wire,BR-000092,INV-000152,Northwind Systems,received,2025-12-30
PMT-000098,CUST-0036,2025-05-04,196300.0,USD,Wire,BR-000093,INV-000153,Northwind Systems,received,2025-05-04
PMT-000099,CUST-0036,2025-06-05,146714.23,USD,Wire,BR-000094,INV-000154,Northwind Systems,received,2025-06-05
PMT-000100,CUST-0036,2026-04-14,195733.55,USD,ACH,BR-000095,INV-000156,Northwind Systems,received,2026-04-14
PMT-000101,CUST-0036,2026-04-28,232066.67,USD,Wire,BR-000096,INV-000157,Northwind Systems,received,2026-04-28
PMT-000102,CUST-0037,2026-05-01,2466.67,USD,Wire,BR-000097,INV-000160,Summit Logistics,received,2026-05-01
PMT-000103,CUST-0037,2025-06-02,4900.0,USD,Wire,BR-000098,INV-000164,Summit Logistics,received,2025-06-02
PMT-000104,CUST-0038,2025-11-01,814.81,EUR,ACH,BR-000099,INV-000166,Lumen Foods,received,2025-11-01
PMT-000105,CUST-0043,2025-09-22,505166.66,EUR,Wire,BR-000100,INV-000174,Sterling Ventures,received,2025-09-22
PMT-000106,CUST-0043,2025-11-07,505166.66,EUR,ACH,BR-000101,INV-000175,Sterling Ventures,received,2025-11-07
PMT-000107,CUST-0044,2026-01-03,112400.0,USD,Card,BR-000102,INV-000176,Tideline Holdings,received,2026-01-03
PMT-000108,CUST-0045,2025-10-03,22700.0,USD,Wire,BR-000103,INV-000177,Northwind Media,received,2025-10-03
PMT-000109,CUST-0045,2025-11-08,20900.0,USD,ACH,BR-000104,INV-000178,Northwind Media,received,2025-11-08
PMT-000110,CUST-0047,2026-05-03,3021.7,GBP,Wire,BR-000105,INV-000179,Lumen Labs,received,2026-05-03
PMT-000111,CUST-0047,2026-05-12,2340.28,GBP,Wire,BR-000106,INV-000180,Lumen Labs,received,2026-05-12
PMT-000112,CUST-0047,2026-05-28,2336.2,GBP,ACH,BR-000107,INV-000181,Lumen Labs,received,2026-05-28
PMT-000113,CUST-0047,2025-09-17,8362.21,GBP,Wire,BR-000108,INV-000184,Lumen Labs,received,2025-09-17
PMT-000114,CUST-0047,2025-10-20,8362.21,GBP,ACH,BR-000109,INV-000185,Lumen Labs,received,2025-10-20
PMT-000115,CUST-0048,2026-04-21,25166.66,EUR,Wire,BR-000110,INV-000186,Pioneer Retail,received,2026-04-21
PMT-000116,CUST-0049,2026-04-23,24139.23,USD,Wire,BR-000111,INV-000188,Solstice Energy,received,2026-04-23
PMT-000117,CUST-0049,2026-05-31,20292.7,USD,ACH,BR-000112,INV-000189,Solstice Energy,received,2026-05-31
PMT-000118,CUST-0050,2025-11-16,517871.25,BRL,Wire,BR-000113,INV-000192,Ironclad Studios,received,2025-11-16
PMT-000119,CUST-0050,2026-03-05,517871.25,BRL,ACH,,INV-000193,Ironclad Studios,received,2026-03-05
PMT-000120,CUST-0050,2026-05-31,517871.25,BRL,Card,BR-000114,INV-000194,Ironclad Studios,received,2026-05-31
PMT-000121,CUST-0050,2025-11-13,743535.0,BRL,Wire,BR-000115,INV-000195,Ironclad Studios,received,2025-11-13
PMT-000122,CUST-0051,2026-05-31,1264.91,USD,ACH,BR-000116,INV-000197,Orchard Technologies,received,2026-05-31
PMT-000123,CUST-0052,2025-06-28,1241.67,USD,Wire,BR-000117,INV-000201,Sterling Capital,received,2025-06-28
PMT-000124,CUST-0052,2025-08-12,1241.67,USD,ACH,BR-000118,INV-000203,Sterling Capital,received,2025-08-12
PMT-000125,CUST-0052,2025-08-24,1241.67,USD,ACH,BR-000119,INV-000204,Sterling Capital,received,2025-08-24
PMT-000126,CUST-0052,2025-11-15,1241.67,USD,Card,BR-000120,INV-000206,Sterling Capital,received,2025-11-15
PMT-000127,CUST-0052,2025-12-03,1241.67,USD,ACH,BR-000121,INV-000207,Sterling Capital,received,2025-12-03
PMT-000128,CUST-0052,2026-02-07,928.76,USD,ACH,BR-000122,INV-000208,Sterling Capital,received,2026-02-07
PMT-000129,CUST-0052,2026-02-03,1241.67,USD,Wire,BR-000123,INV-000209,Sterling Capital,received,2026-02-03
PMT-000130,CUST-0052,2026-03-16,1241.67,USD,ACH,BR-000124,INV-000210,Sterling Capital,received,2026-03-16
PMT-000131,CUST-0052,2026-05-07,1241.67,USD,Card,BR-000125,INV-000211,Sterling Capital,received,2026-05-07
PMT-000132,CUST-0052,2026-05-31,1241.67,USD,ACH,BR-000126,INV-000213,Sterling Capital,received,2026-05-31
PMT-000133,CUST-0053,2026-01-07,59816.62,GBP,Card,BR-000127,INV-000215,Tideline Analytics,received,2026-01-07
PMT-000134,CUST-0053,2025-12-25,90204.72,GBP,Check,BR-000128,INV-000216,Tideline Analytics,received,2025-12-25
PMT-000135,CUST-0053,2026-01-31,90204.72,GBP,Check,BR-000129,INV-000217,Tideline Analytics,received,2026-01-31
PMT-000136,CUST-0054,2025-07-22,318000.0,USD,ACH,BR-000130,INV-000218,Northwind Systems,received,2025-07-22
PMT-000137,CUST-0054,2025-07-29,191100.0,USD,Check,BR-000131,INV-000219,Northwind Systems,received,2025-07-29
PMT-000138,CUST-0055,2026-03-01,50999.03,EUR,ACH,BR-000132,INV-000220,Summit Logistics,received,2026-03-01
PMT-000139,CUST-0055,2026-03-20,8311.73,EUR,Wire,BR-000133,INV-000223,Summit Logistics,received,2026-03-20
PMT-000140,CUST-0055,2026-03-27,8068.04,EUR,Wire,BR-000134,INV-000224,Summit Logistics,received,2026-03-27
PMT-000141,CUST-0055,2026-05-31,9485.28,EUR,Wire,BR-000135,INV-000225,Summit Logistics,received,2026-05-31
PMT-000142,CUST-0055,2026-05-31,9800.46,EUR,Card,,INV-000226,Summit Logistics,received,2026-05-31
PMT-000143,CUST-0056,2025-06-23,8666.66,EUR,ACH,BR-000136,INV-000228,Lumen Foods,received,2025-06-23
PMT-000144,CUST-0057,2025-08-25,4900.0,USD,ACH,BR-000137,INV-000231,Pioneer Mobility,received,2025-08-25
PMT-000145,CUST-0057,2025-09-21,4900.0,USD,Check,BR-000138,INV-000232,Pioneer Mobility,received,2025-09-21
PMT-000146,CUST-0058,2025-07-04,17607.57,USD,Check,BR-000139,INV-000233,Solstice Group,received,2025-07-04
PMT-000147,CUST-0058,2025-09-04,18015.97,USD,ACH,BR-000140,INV-000234,Solstice Group,received,2025-09-04
PMT-000148,CUST-0058,2025-12-18,19943.36,USD,ACH,BR-000141,INV-000235,Solstice Group,received,2025-12-18
PMT-000149,CUST-0058,2026-04-01,19678.0,USD,ACH,BR-000142,INV-000236,Solstice Group,received,2026-04-01
PMT-000150,CUST-0058,2025-10-14,8425.0,USD,ACH,BR-000143,INV-000238,Solstice Group,received,2025-10-14
PMT-000151,CUST-0058,2025-11-17,8425.0,USD,ACH,BR-000144,INV-000239,Solstice Group,received,2025-11-17
PMT-000152,CUST-0058,2026-01-03,8425.0,USD,ACH,BR-000145,INV-000240,Solstice Group,received,2026-01-03
PMT-000153,CUST-0058,2025-12-31,8425.0,USD,Wire,BR-000146,INV-000241,Solstice Group,received,2025-12-31
PMT-000154,CUST-0058,2026-02-12,8425.0,USD,ACH,BR-000147,INV-000242,Solstice Group,received,2026-02-12
PMT-000155,CUST-0058,2026-05-05,6266.3,USD,Card,BR-000148,INV-000244,Solstice Group,received,2026-05-05
PMT-000156,CUST-0058,2026-05-31,8425.0,USD,ACH,BR-000149,INV-000245,Solstice Group,received,2026-05-31
PMT-000157,CUST-0059,2025-10-19,303023.63,GBP,Wire,BR-000150,INV-000249,Ironclad Health,received,2025-10-19
PMT-000158,CUST-0059,2026-05-10,108094.49,GBP,Card,BR-000151,INV-000250,Ironclad Health,received,2026-05-10
PMT-000159,CUST-0060,2025-05-13,1466.67,USD,Check,BR-000152,INV-000251,Orchard Robotics,received,2025-05-13
PMT-000160,CUST-0060,2025-06-03,1466.67,USD,Wire,BR-000153,INV-000252,Orchard Robotics,received,2025-06-03
PMT-000161,CUST-0061,2025-06-05,3900.0,USD,Wire,BR-000154,INV-000254,Sterling Ventures,received,2025-06-05
PMT-000162,CUST-0061,2025-05-27,3900.0,USD,ACH,BR-000155,INV-000255,Sterling Ventures,received,2025-05-27
PMT-000163,CUST-0064,2025-08-26,103842.52,GBP,ACH,BR-000156,INV-000258,Summit Networks,received,2025-08-26
PMT-000164,CUST-0065,2025-04-02,179331.02,USD,Wire,BR-000157,INV-000259,Lumen Labs,received,2025-04-02
PMT-000165,CUST-0065,2026-04-25,179654.61,USD,ACH,,INV-000260,Lumen Labs,received,2026-04-25
PMT-000166,CUST-0066,2025-07-10,24600.0,USD,Card,BR-000158,INV-000264,Pioneer Retail,received,2025-07-10
PMT-000167,CUST-0066,2025-08-04,6866.67,USD,Wire,BR-000159,INV-000265,Pioneer Retail,received,2025-08-04
PMT-000168,CUST-0066,2025-09-09,6866.67,USD,Wire,BR-000160,INV-000266,Pioneer Retail,received,2025-09-09
PMT-000169,CUST-0066,2025-08-24,6866.67,USD,Wire,BR-000161,INV-000267,Pioneer Retail,received,2025-08-24
PMT-000170,CUST-0067,2025-10-31,2883.33,USD,Wire,BR-000162,INV-000268,Solstice Energy,received,2025-10-31
PMT-000171,CUST-0067,2025-11-28,2883.33,USD,Wire,BR-000163,INV-000269,Solstice Energy,received,2025-11-28
PMT-000172,CUST-0067,2025-12-10,2883.33,USD,ACH,BR-000164,INV-000270,Solstice Energy,received,2025-12-10
PMT-000173,CUST-0067,2026-01-17,1783.49,USD,Wire,BR-000165,INV-000271,Solstice Energy,received,2026-01-17
PMT-000174,CUST-0067,2026-03-06,2883.33,USD,Wire,BR-000166,INV-000272,Solstice Energy,received,2026-03-06
PMT-000175,CUST-0067,2026-05-01,2883.33,USD,Wire,BR-000167,INV-000274,Solstice Energy,received,2026-05-01
PMT-000176,CUST-0067,2026-05-31,2883.33,USD,Wire,BR-000168,INV-000275,Solstice Energy,received,2026-05-31
PMT-000177,CUST-0067,2026-05-31,2883.33,USD,Card,BR-000169,INV-000276,Solstice Energy,received,2026-05-31
PMT-000178,CUST-0067,2025-03-25,13100.0,USD,Check,BR-000170,INV-000278,Solstice Energy,received,2025-03-25
PMT-000179,CUST-0069,2026-05-05,45804.28,USD,Wire,BR-000171,INV-000280,Orchard Technologies,received,2026-05-05
PMT-000180,CUST-0069,2025-11-09,10450.0,USD,ACH,BR-000172,INV-000281,Orchard Technologies,received,2025-11-09
PMT-000181,CUST-0070,2026-03-25,1315073.36,MXN,ACH,BR-000173,INV-000286,Sterling Capital,received,2026-03-25
PMT-000182,CUST-0070,2026-05-18,1560180.65,MXN,ACH,BR-000174,INV-000287,Sterling Capital,received,2026-05-18
PMT-000183,CUST-0070,2026-05-31,1420179.79,MXN,Card,BR-000175,INV-000288,Sterling Capital,received,2026-05-31
PMT-000184,CUST-0071,2025-09-29,2295.88,USD,Wire,BR-000176,INV-000290,Tideline Analytics,received,2025-09-29
PMT-000185,CUST-0071,2025-10-12,1755.13,USD,Wire,BR-000177,INV-000291,Tideline Analytics,received,2025-10-12
PMT-000186,CUST-0071,2025-12-05,1862.96,USD,ACH,BR-000178,INV-000292,Tideline Analytics,received,2025-12-05
PMT-000187,CUST-0071,2026-01-22,2090.46,USD,ACH,BR-000179,INV-000293,Tideline Analytics,received,2026-01-22
PMT-000188,CUST-0071,2026-01-13,2344.82,USD,Wire,BR-000180,INV-000294,Tideline Analytics,received,2026-01-13
PMT-000189,CUST-0071,2026-03-01,1552.66,USD,ACH,BR-000181,INV-000295,Tideline Analytics,received,2026-03-01
PMT-000190,CUST-0071,2026-04-13,2516.67,USD,Wire,BR-000182,INV-000296,Tideline Analytics,received,2026-04-13
PMT-000191,CUST-0071,2026-05-04,2445.21,USD,ACH,BR-000183,INV-000297,Tideline Analytics,received,2026-05-04
PMT-000192,CUST-0071,2026-05-14,1303.42,USD,Card,BR-000184,INV-000298,Tideline Analytics,received,2026-05-14
PMT-000193,CUST-0071,2025-05-30,2016.67,USD,Wire,BR-000185,INV-000300,Tideline Analytics,received,2025-05-30
PMT-000194,CUST-0071,2025-07-27,2016.67,USD,ACH,BR-000186,INV-000302,Tideline Analytics,received,2025-07-27
PMT-000195,CUST-0071,2025-08-19,2016.67,USD,Wire,BR-000187,INV-000303,Tideline Analytics,received,2025-08-19
PMT-000196,CUST-0071,2025-09-12,2016.67,USD,Card,BR-000188,INV-000304,Tideline Analytics,received,2025-09-12
PMT-000197,CUST-0071,2025-11-06,2016.67,USD,Check,BR-000189,INV-000305,Tideline Analytics,received,2025-11-06
PMT-000198,CUST-0071,2025-12-08,2016.67,USD,Wire,BR-000190,INV-000306,Tideline Analytics,received,2025-12-08
PMT-000199,CUST-0071,2026-01-11,1636.05,USD,Check,BR-000191,INV-000307,Tideline Analytics,received,2026-01-11
PMT-000200,CUST-0071,2026-02-03,2016.67,USD,ACH,BR-000192,INV-000308,Tideline Analytics,received,2026-02-03
PMT-000201,CUST-0071,2026-03-06,2016.67,USD,ACH,BR-000193,INV-000309,Tideline Analytics,received,2026-03-06
PMT-000202,CUST-0071,2026-04-29,2016.67,USD,Wire,BR-000194,INV-000311,Tideline Analytics,received,2026-04-29
PMT-000203,CUST-0071,2025-09-04,15400.0,USD,Wire,BR-000195,INV-000314,Tideline Analytics,received,2025-09-04
PMT-000204,CUST-0072,2025-06-22,111307.09,GBP,ACH,BR-000196,INV-000315,Northwind Systems,received,2025-06-22
PMT-000205,CUST-0073,2026-03-30,9686624.07,ARS,ACH,BR-000197,INV-000316,Summit Logistics,received,2026-03-30
PMT-000206,CUST-0073,2025-05-25,8910000.0,ARS,ACH,BR-000198,INV-000317,Summit Logistics,received,2025-05-25
PMT-000207,CUST-0073,2026-03-16,5445000.0,ARS,Wire,BR-000199,INV-000318,Summit Logistics,received,2026-03-16
PMT-000208,CUST-0073,2026-03-20,5445000.0,ARS,Card,BR-000200,INV-000319,Summit Logistics,received,2026-03-20
PMT-000209,CUST-0073,2026-03-11,11439999.99,ARS,ACH,BR-000201,INV-000320,Summit Logistics,received,2026-03-11
PMT-000210,CUST-0075,2026-03-18,741000.0,MXN,Card,BR-000202,INV-000321,Pioneer Mobility,received,2026-03-18
PMT-000211,CUST-0075,2026-05-31,741000.0,MXN,Check,BR-000203,INV-000322,Pioneer Mobility,received,2026-05-31
PMT-000212,CUST-0075,2025-12-06,71666.67,MXN,ACH,BR-000204,INV-000324,Pioneer Mobility,received,2025-12-06
PMT-000213,CUST-0075,2026-02-24,71666.67,MXN,ACH,BR-000205,INV-000326,Pioneer Mobility,received,2026-02-24
PMT-000214,CUST-0075,2026-03-29,71666.67,MXN,ACH,BR-000206,INV-000327,Pioneer Mobility,received,2026-03-29
PMT-000215,CUST-0076,2026-04-10,13608.33,USD,ACH,BR-000207,INV-000332,Solstice Group,received,2026-04-10
PMT-000216,CUST-0076,2026-05-31,13608.33,USD,Wire,BR-000208,INV-000335,Solstice Group,received,2026-05-31
PMT-000217,CUST-0078,2026-05-31,3446666.67,ARS,Wire,BR-000209,INV-000337,Orchard Robotics,received,2026-05-31
PMT-000218,CUST-0078,2026-05-31,3446666.67,ARS,Card,BR-000210,INV-000338,Orchard Robotics,received,2026-05-31
PMT-000219,CUST-0079,2025-10-10,30937.01,GBP,Wire,BR-000211,INV-000339,Sterling Ventures,received,2025-10-10
PMT-000220,CUST-0079,2025-11-12,30937.01,GBP,Wire,BR-000212,INV-000341,Sterling Ventures,received,2025-11-12
PMT-000221,CUST-0079,2026-01-01,30937.01,GBP,Check,BR-000213,INV-000342,Sterling Ventures,received,2026-01-01
PMT-000222,CUST-0079,2026-01-13,27792.6,GBP,ACH,BR-000214,INV-000343,Sterling Ventures,received,2026-01-13
PMT-000223,CUST-0079,2026-04-11,30937.01,GBP,ACH,BR-000215,INV-000344,Sterling Ventures,received,2026-04-11
PMT-000224,CUST-0079,2026-04-09,30937.01,GBP,Check,BR-000216,INV-000345,Sterling Ventures,received,2026-04-09
PMT-000225,CUST-0079,2026-04-15,30937.01,GBP,Wire,BR-000217,INV-000346,Sterling Ventures,received,2026-04-15
PMT-000226,CUST-0079,2026-05-31,30937.01,GBP,Wire,BR-000218,INV-000347,Sterling Ventures,received,2026-05-31
PMT-000227,CUST-0079,2025-10-24,162141.73,GBP,Card,BR-000219,INV-000350,Sterling Ventures,received,2025-10-24
PMT-000228,CUST-0080,2025-12-11,4259.53,USD,ACH,BR-000220,INV-000352,Tideline Holdings,received,2025-12-11
PMT-000229,CUST-0081,2026-04-28,10333.33,EUR,ACH,BR-000221,INV-000353,Northwind Media,received,2026-04-28
PMT-000230,CUST-0081,2026-04-23,10333.33,EUR,Card,BR-000222,INV-000354,Northwind Media,received,2026-04-23
PMT-000231,CUST-0081,2026-03-25,19111.12,EUR,Wire,BR-000223,INV-000355,Northwind Media,received,2026-03-25
PMT-000232,CUST-0081,2025-11-01,18666.67,EUR,ACH,BR-000224,INV-000356,Northwind Media,received,2025-11-01
PMT-000233,CUST-0082,2026-02-12,241383.33,USD,Wire,BR-000225,INV-000357,Summit Networks,received,2026-02-12
PMT-000234,CUST-0082,2026-04-09,241383.33,USD,Wire,BR-000226,INV-000358,Summit Networks,received,2026-04-09
PMT-000235,CUST-0082,2026-05-31,241383.33,USD,ACH,BR-000227,INV-000361,Summit Networks,received,2026-05-31
PMT-000236,CUST-0082,2025-11-18,269475.0,USD,ACH,BR-000228,INV-000364,Summit Networks,received,2025-11-18
PMT-000237,CUST-0082,2025-11-30,269475.0,USD,Card,BR-000229,INV-000365,Summit Networks,received,2025-11-30
PMT-000238,CUST-0082,2026-02-27,269475.0,USD,ACH,BR-000230,INV-000367,Summit Networks,received,2026-02-27
PMT-000239,CUST-0082,2026-05-31,212363.54,USD,Wire,BR-000231,INV-000370,Summit Networks,received,2026-05-31
PMT-000240,CUST-0082,2026-05-31,269475.0,USD,Wire,BR-000232,INV-000371,Summit Networks,received,2026-05-31
PMT-000241,CUST-0082,2026-05-30,287633.33,USD,Wire,BR-000233,INV-000374,Summit Networks,received,2026-05-30
PMT-000242,CUST-0082,2025-11-02,275508.33,USD,Wire,BR-000234,INV-000379,Summit Networks,received,2025-11-02
PMT-000243,CUST-0082,2025-12-04,275508.33,USD,Card,BR-000235,INV-000380,Summit Networks,received,2025-12-04
PMT-000244,CUST-0082,2025-12-31,275508.33,USD,ACH,BR-000236,INV-000381,Summit Networks,received,2025-12-31
PMT-000245,CUST-0082,2026-02-13,275508.33,USD,Wire,BR-000237,INV-000382,Summit Networks,received,2026-02-13
PMT-000246,CUST-0082,2026-03-11,275508.33,USD,ACH,BR-000238,INV-000383,Summit Networks,received,2026-03-11
PMT-000247,CUST-0082,2026-05-08,275508.33,USD,Check,BR-000239,INV-000384,Summit Networks,received,2026-05-08
PMT-000248,CUST-0082,2026-05-03,275508.33,USD,ACH,BR-000240,INV-000385,Summit Networks,received,2026-05-03
PMT-000249,CUST-0082,2026-05-01,788700.0,USD,Card,BR-000241,INV-000389,Summit Networks,received,2026-05-01
PMT-000250,CUST-0083,2026-05-22,2159.66,GBP,ACH,BR-000242,INV-000390,Lumen Labs,received,2026-05-22
PMT-000251,CUST-0083,2026-01-02,11527.56,GBP,Wire,BR-000243,INV-000393,Lumen Labs,received,2026-01-02
PMT-000252,CUST-0084,2025-06-28,2035000.0,ARS,Wire,BR-000244,INV-000397,Pioneer Retail,received,2025-06-28
PMT-000253,CUST-0084,2025-10-24,2035000.0,ARS,Check,BR-000245,INV-000398,Pioneer Retail,received,2025-10-24
PMT-000254,CUST-0084,2026-01-02,2035000.0,ARS,Wire,BR-000246,INV-000399,Pioneer Retail,received,2026-01-02
PMT-000255,CUST-0084,2026-05-06,2035000.0,ARS,ACH,BR-000247,INV-000400,Pioneer Retail,received,2026-05-06
PMT-000256,CUST-0086,2026-01-21,341640.0,BRL,Wire,BR-000248,INV-000403,Ironclad Studios,received,2026-01-21
PMT-000257,CUST-0087,2026-05-31,722767.5,BRL,Wire,BR-000249,INV-000404,Orchard Technologies,received,2026-05-31
PMT-000258,CUST-0087,2026-05-31,291817.5,BRL,Check,BR-000250,INV-000405,Orchard Technologies,received,2026-05-31
PMT-000259,CUST-0088,2025-11-11,534690.0,BRL,ACH,BR-000251,INV-000408,Sterling Capital,received,2025-11-11
PMT-000260,CUST-0088,2026-02-18,54122.73,BRL,Wire,BR-000252,INV-000409,Sterling Capital,received,2026-02-18
PMT-000261,CUST-0088,2026-02-16,66562.2,BRL,Wire,BR-000253,INV-000410,Sterling Capital,received,2026-02-16
PMT-000262,CUST-0089,2025-06-17,212679.17,GBP,ACH,BR-000254,INV-000416,Tideline Analytics,received,2025-06-17
PMT-000263,CUST-0089,2026-05-31,164859.89,GBP,ACH,BR-000255,INV-000417,Tideline Analytics,received,2026-05-31
PMT-000264,CUST-0089,2025-05-01,45735.88,GBP,ACH,BR-000256,INV-000418,Tideline Analytics,received,2025-05-01
PMT-000265,CUST-0089,2025-08-01,35037.42,GBP,Wire,BR-000257,INV-000419,Tideline Analytics,received,2025-08-01
PMT-000266,CUST-0089,2025-10-26,30483.68,GBP,ACH,BR-000258,INV-000420,Tideline Analytics,received,2025-10-26
PMT-000267,CUST-0089,2026-02-04,47609.65,GBP,Card,BR-000259,INV-000421,Tideline Analytics,received,2026-02-04
PMT-000268,CUST-0090,2025-04-19,36229957.04,MXN,Wire,BR-000260,INV-000424,Northwind Systems,received,2025-04-19
PMT-000269,CUST-0090,2026-05-31,4274166.67,MXN,Card,BR-000261,INV-000426,Northwind Systems,received,2026-05-31
PMT-000270,CUST-0091,2026-04-20,244970000.01,ARS,Check,BR-000262,INV-000428,Summit Logistics,received,2026-04-20
PMT-000271,CUST-0092,2026-05-31,1975.0,USD,Wire,BR-000263,INV-000430,Lumen Foods,received,2026-05-31
PMT-000272,CUST-0093,2025-11-21,152675.93,EUR,ACH,BR-000264,INV-000432,Pioneer Mobility,received,2025-11-21
PMT-000273,CUST-0093,2026-01-16,152675.93,EUR,Wire,BR-000265,INV-000434,Pioneer Mobility,received,2026-01-16
PMT-000274,CUST-0093,2026-01-25,152675.93,EUR,Wire,BR-000266,INV-000435,Pioneer Mobility,received,2026-01-25
PMT-000275,CUST-0093,2026-02-26,152675.93,EUR,ACH,BR-000267,INV-000436,Pioneer Mobility,received,2026-02-26
PMT-000276,CUST-0093,2026-05-01,152675.93,EUR,Check,BR-000268,INV-000438,Pioneer Mobility,received,2026-05-01
PMT-000277,CUST-0094,2025-06-26,2156.88,USD,ACH,BR-000269,INV-000441,Solstice Group,received,2025-06-26
PMT-000278,CUST-0094,2025-08-22,2001.44,USD,Card,BR-000270,INV-000442,Solstice Group,received,2025-08-22
PMT-000279,CUST-0094,2025-08-29,2920.77,USD,Card,BR-000271,INV-000443,Solstice Group,received,2025-08-29
PMT-000280,CUST-0094,2025-09-13,1816.74,USD,Card,BR-000272,INV-000444,Solstice Group,received,2025-09-13
PMT-000281,CUST-0094,2025-11-17,2805.8,USD,Wire,BR-000273,INV-000445,Solstice Group,received,2025-11-17
PMT-000282,CUST-0094,2025-12-17,2620.17,USD,ACH,BR-000274,INV-000446,Solstice Group,received,2025-12-17
PMT-000283,CUST-0094,2025-12-12,1922.18,USD,ACH,BR-000275,INV-000447,Solstice Group,received,2025-12-12
PMT-000284,CUST-0094,2026-02-08,2337.94,USD,Card,BR-000276,INV-000448,Solstice Group,received,2026-02-08
PMT-000285,CUST-0094,2026-02-27,2485.2,USD,ACH,BR-000277,INV-000449,Solstice Group,received,2026-02-27
PMT-000286,CUST-0094,2026-04-14,1954.58,USD,Check,BR-000278,INV-000450,Solstice Group,received,2026-04-14
PMT-000287,CUST-0094,2026-05-31,2654.44,USD,Wire,BR-000279,INV-000454,Solstice Group,received,2026-05-31
PMT-000288,CUST-0094,2025-06-18,6900.0,USD,Check,BR-000280,INV-000455,Solstice Group,received,2025-06-18
PMT-000289,CUST-0094,2025-05-20,9900.0,USD,Wire,BR-000281,INV-000456,Solstice Group,received,2025-05-20
PMT-000290,CUST-0094,2026-05-31,12600.0,USD,Card,BR-000282,INV-000457,Solstice Group,received,2026-05-31
PMT-000291,CUST-0095,2025-11-29,176000.0,USD,ACH,BR-000283,INV-000458,Ironclad Health,received,2025-11-29
PMT-000292,CUST-0096,2025-07-14,5820.79,USD,Check,BR-000284,INV-000460,Orchard Robotics,received,2025-07-14
PMT-000293,CUST-0096,2025-11-14,7800.0,USD,ACH,BR-000285,INV-000461,Orchard Robotics,received,2025-11-14
PMT-000294,CUST-0096,2026-01-09,7800.0,USD,Wire,BR-000286,INV-000462,Orchard Robotics,received,2026-01-09
PMT-000295,CUST-0097,2026-01-21,18400.0,USD,Wire,BR-000287,INV-000465,Sterling Ventures,received,2026-01-21
PMT-000296,CUST-0097,2025-05-08,27400.0,USD,Wire,BR-000288,INV-000466,Sterling Ventures,received,2025-05-08
PMT-000297,CUST-0097,2026-04-17,27400.0,USD,ACH,BR-000289,INV-000467,Sterling Ventures,received,2026-04-17
PMT-000298,CUST-0098,2026-04-12,2814.07,USD,ACH,BR-000290,INV-000468,Tideline Holdings,received,2026-04-12
PMT-000299,CUST-0098,2026-02-28,1533.33,USD,ACH,BR-000291,INV-000472,Tideline Holdings,received,2026-02-28
PMT-000300,CUST-0098,2026-03-02,1533.33,USD,Wire,BR-000292,INV-000473,Tideline Holdings,received,2026-03-02
PMT-000301,CUST-0098,2026-05-09,1533.33,USD,Wire,BR-000293,INV-000474,Tideline Holdings,received,2026-05-09
PMT-000302,CUST-0100,2026-01-04,403700.0,USD,ACH,BR-000294,INV-000475,Summit Networks,received,2026-01-04
PMT-000303,CUST-0100,2026-04-05,175216.32,USD,ACH,BR-000295,INV-000477,Summit Networks,received,2026-04-05
PMT-000304,CUST-0100,2026-01-30,116726.04,USD,ACH,BR-000296,INV-000479,Summit Networks,received,2026-01-30
PMT-000305,CUST-0100,2026-05-07,90297.31,USD,Check,BR-000297,INV-000480,Summit Networks,received,2026-05-07
PMT-000306,CUST-0101,2025-12-16,6779.43,USD,ACH,BR-000298,INV-000482,Lumen Labs,received,2025-12-16
PMT-000307,CUST-0101,2026-02-19,8258.78,USD,Wire,BR-000299,INV-000483,Lumen Labs,received,2026-02-19
PMT-000308,CUST-0101,2026-03-20,9073.74,USD,ACH,BR-000300,INV-000484,Lumen Labs,received,2026-03-20
PMT-000309,CUST-0101,2026-05-18,7908.14,USD,Wire,BR-000301,INV-000486,Lumen Labs,received,2026-05-18
PMT-000310,CUST-0102,2025-09-24,15299.21,GBP,Card,BR-000302,INV-000490,Pioneer Retail,received,2025-09-24
PMT-000311,CUST-0102,2025-11-03,15299.21,GBP,Wire,BR-000303,INV-000491,Pioneer Retail,received,2025-11-03
PMT-000312,CUST-0102,2025-12-15,15299.21,GBP,Card,BR-000304,INV-000493,Pioneer Retail,received,2025-12-15
PMT-000313,CUST-0102,2026-01-27,15299.21,GBP,ACH,BR-000305,INV-000495,Pioneer Retail,received,2026-01-27
PMT-000314,CUST-0102,2026-04-26,15299.21,GBP,Check,BR-000306,INV-000497,Pioneer Retail,received,2026-04-26
PMT-000315,CUST-0102,2025-10-01,445511.81,GBP,Card,BR-000307,INV-000502,Pioneer Retail,received,2025-10-01
PMT-000316,CUST-0103,2025-11-08,15015.0,BRL,Wire,BR-000308,INV-000503,Solstice Energy,received,2025-11-08
PMT-000317,CUST-0103,2025-12-07,15015.0,BRL,Wire,BR-000309,INV-000504,Solstice Energy,received,2025-12-07
PMT-000318,CUST-0103,2025-12-14,15015.0,BRL,Wire,BR-000310,INV-000505,Solstice Energy,received,2025-12-14
PMT-000319,CUST-0103,2026-01-29,15015.0,BRL,ACH,BR-000311,INV-000506,Solstice Energy,received,2026-01-29
PMT-000320,CUST-0103,2026-02-17,15015.0,BRL,Wire,BR-000312,INV-000507,Solstice Energy,received,2026-02-17
PMT-000321,CUST-0103,2026-05-31,15015.0,BRL,Check,BR-000313,INV-000511,Solstice Energy,received,2026-05-31
PMT-000322,CUST-0103,2026-04-14,44167.5,BRL,Wire,BR-000314,INV-000513,Solstice Energy,received,2026-04-14
PMT-000323,CUST-0103,2026-03-01,39633.75,BRL,ACH,BR-000315,INV-000515,Solstice Energy,received,2026-03-01
PMT-000324,CUST-0103,2026-05-12,39633.75,BRL,Wire,BR-000316,INV-000516,Solstice Energy,received,2026-05-12
PMT-000325,CUST-0103,2026-03-24,2387.14,BRL,Wire,BR-000317,INV-000517,Solstice Energy,received,2026-03-24
PMT-000326,CUST-0103,2026-03-15,3514.79,BRL,Wire,BR-000318,INV-000518,Solstice Energy,received,2026-03-15
PMT-000327,CUST-0103,2026-05-24,2555.27,BRL,Wire,BR-000319,INV-000520,Solstice Energy,received,2026-05-24
PMT-000328,CUST-0104,2025-09-26,240631.56,BRL,Wire,BR-000320,INV-000523,Ironclad Studios,received,2025-09-26
PMT-000329,CUST-0104,2025-05-23,363821.25,BRL,Wire,BR-000321,INV-000526,Ironclad Studios,received,2025-05-23
PMT-000330,CUST-0104,2025-07-18,363821.25,BRL,Wire,BR-000322,INV-000527,Ironclad Studios,received,2025-07-18
PMT-000331,CUST-0104,2025-08-13,363821.25,BRL,Wire,BR-000323,INV-000528,Ironclad Studios,received,2025-08-13
PMT-000332,CUST-0104,2025-09-20,363821.25,BRL,Card,BR-000324,INV-000529,Ironclad Studios,received,2025-09-20
PMT-000333,CUST-0104,2025-10-03,363821.25,BRL,Wire,BR-000325,INV-000530,Ironclad Studios,received,2025-10-03
PMT-000334,CUST-0104,2025-12-01,363821.25,BRL,Wire,BR-000326,INV-000531,Ironclad Studios,received,2025-12-01
PMT-000335,CUST-0104,2026-02-05,363821.25,BRL,ACH,BR-000327,INV-000533,Ironclad Studios,received,2026-02-05
PMT-000336,CUST-0104,2026-03-27,363821.25,BRL,Check,BR-000328,INV-000535,Ironclad Studios,received,2026-03-27
PMT-000337,CUST-0104,2026-05-02,363821.25,BRL,Wire,BR-000329,INV-000536,Ironclad Studios,received,2026-05-02
PMT-000338,CUST-0104,2026-05-29,363821.25,BRL,ACH,BR-000330,INV-000537,Ironclad Studios,received,2026-05-29
PMT-000339,CUST-0104,2026-05-31,363821.25,BRL,ACH,BR-000331,INV-000538,Ironclad Studios,received,2026-05-31
PMT-000340,CUST-0104,2026-05-31,363821.25,BRL,ACH,BR-000332,INV-000539,Ironclad Studios,received,2026-05-31
PMT-000341,CUST-0105,2025-06-17,1906847.27,ARS,Wire,BR-000333,INV-000541,Orchard Technologies,received,2025-06-17
PMT-000342,CUST-0105,2026-04-23,3190000.0,ARS,Card,BR-000334,INV-000542,Orchard Technologies,received,2026-04-23
PMT-000343,CUST-0105,2026-04-24,3190000.0,ARS,Card,BR-000335,INV-000543,Orchard Technologies,received,2026-04-24
PMT-000344,CUST-0105,2026-05-28,3190000.0,ARS,Check,BR-000336,INV-000544,Orchard Technologies,received,2026-05-28
PMT-000345,CUST-0107,2025-10-01,1469800.0,USD,Check,BR-000337,INV-000545,Tideline Analytics,received,2025-10-01
PMT-000346,CUST-0108,2025-08-20,5700.0,USD,ACH,BR-000338,INV-000546,Northwind Systems,received,2025-08-20
PMT-000347,CUST-0109,2026-05-08,2685.04,GBP,Wire,BR-000339,INV-000549,Summit Logistics,received,2026-05-08
PMT-000348,CUST-0109,2026-05-31,1931.06,GBP,Card,BR-000340,INV-000550,Summit Logistics,received,2026-05-31
PMT-000349,CUST-0110,2025-06-02,4179999.99,ARS,Wire,BR-000341,INV-000552,Lumen Foods,received,2025-06-02
PMT-000350,CUST-0110,2025-11-27,20020000.01,ARS,Wire,BR-000342,INV-000554,Lumen Foods,received,2025-11-27
PMT-000351,CUST-0110,2025-10-05,3015833.33,ARS,Wire,BR-000343,INV-000555,Lumen Foods,received,2025-10-05
PMT-000352,CUST-0110,2025-10-28,3015833.33,ARS,ACH,BR-000344,INV-000556,Lumen Foods,received,2025-10-28
PMT-000353,CUST-0110,2026-01-02,3015833.33,ARS,Wire,BR-000345,INV-000557,Lumen Foods,received,2026-01-02
PMT-000354,CUST-0110,2026-04-07,3015833.33,ARS,ACH,BR-000346,INV-000560,Lumen Foods,received,2026-04-07
PMT-000355,CUST-0110,2026-03-30,3015833.33,ARS,Wire,BR-000347,INV-000561,Lumen Foods,received,2026-03-30
PMT-000356,CUST-0110,2026-04-23,3015833.33,ARS,Wire,BR-000348,INV-000562,Lumen Foods,received,2026-04-23
PMT-000357,CUST-0111,2025-07-02,252000.0,MXN,Wire,BR-000349,INV-000565,Pioneer Mobility,received,2025-07-02
PMT-000358,CUST-0111,2025-11-19,794000.0,MXN,Wire,BR-000350,INV-000566,Pioneer Mobility,received,2025-11-19
PMT-000359,CUST-0111,2026-05-11,157000.0,MXN,Wire,BR-000351,INV-000567,Pioneer Mobility,received,2026-05-11
PMT-000360,CUST-0111,2025-06-15,143097.98,MXN,Wire,BR-000352,INV-000568,Pioneer Mobility,received,2025-06-15
PMT-000361,CUST-0111,2026-01-10,38666.66,MXN,Wire,BR-000353,INV-000569,Pioneer Mobility,received,2026-01-10
PMT-000362,CUST-0111,2026-01-30,38666.66,MXN,ACH,BR-000354,INV-000570,Pioneer Mobility,received,2026-01-30
PMT-000363,CUST-0111,2026-02-28,38666.66,MXN,Wire,BR-000355,INV-000571,Pioneer Mobility,received,2026-02-28
PMT-000364,CUST-0111,2026-04-17,38666.66,MXN,Wire,BR-000356,INV-000572,Pioneer Mobility,received,2026-04-17
PMT-000365,CUST-0111,2026-05-08,38666.66,MXN,ACH,BR-000357,INV-000574,Pioneer Mobility,received,2026-05-08
PMT-000366,CUST-0113,2025-05-03,213333.34,MXN,Check,BR-000358,INV-000576,Ironclad Health,received,2025-05-03
PMT-000367,CUST-0113,2025-05-20,169817.04,MXN,Wire,BR-000359,INV-000577,Ironclad Health,received,2025-05-20
PMT-000368,CUST-0113,2025-06-28,213333.34,MXN,Check,BR-000360,INV-000578,Ironclad Health,received,2025-06-28
PMT-000369,CUST-0113,2025-07-13,213333.34,MXN,Wire,BR-000361,INV-000579,Ironclad Health,received,2025-07-13
PMT-000370,CUST-0113,2025-07-27,213333.34,MXN,Wire,BR-000362,INV-000580,Ironclad Health,received,2025-07-27
PMT-000371,CUST-0113,2025-08-22,213333.34,MXN,Wire,BR-000363,INV-000581,Ironclad Health,received,2025-08-22
PMT-000372,CUST-0113,2025-10-30,213333.34,MXN,Wire,BR-000364,INV-000582,Ironclad Health,received,2025-10-30
PMT-000373,CUST-0113,2025-11-28,213333.34,MXN,Wire,BR-000365,INV-000583,Ironclad Health,received,2025-11-28
PMT-000374,CUST-0113,2025-12-08,213333.34,MXN,Wire,BR-000366,INV-000584,Ironclad Health,received,2025-12-08
PMT-000375,CUST-0113,2026-01-18,213333.34,MXN,ACH,BR-000367,INV-000585,Ironclad Health,received,2026-01-18
PMT-000376,CUST-0113,2026-02-09,155673.29,MXN,Wire,BR-000368,INV-000586,Ironclad Health,received,2026-02-09
PMT-000377,CUST-0113,2026-03-26,213333.34,MXN,Wire,BR-000369,INV-000587,Ironclad Health,received,2026-03-26
PMT-000378,CUST-0113,2026-04-21,213333.34,MXN,ACH,BR-000370,INV-000588,Ironclad Health,received,2026-04-21
PMT-000379,CUST-0113,2026-05-31,213333.34,MXN,Wire,BR-000371,INV-000590,Ironclad Health,received,2026-05-31
PMT-000380,CUST-0114,2025-08-16,33354.34,GBP,Wire,BR-000372,INV-000594,Orchard Robotics,received,2025-08-16
PMT-000381,CUST-0114,2026-02-17,33354.34,GBP,ACH,BR-000373,INV-000596,Orchard Robotics,received,2026-02-17
PMT-000382,CUST-0114,2025-06-17,3667.34,GBP,Wire,BR-000374,INV-000598,Orchard Robotics,received,2025-06-17
PMT-000383,CUST-0114,2025-07-03,5270.58,GBP,Wire,BR-000375,INV-000599,Orchard Robotics,received,2025-07-03
PMT-000384,CUST-0114,2025-08-08,3513.29,GBP,Card,BR-000376,INV-000600,Orchard Robotics,received,2025-08-08
PMT-000385,CUST-0114,2025-09-27,3874.73,GBP,Wire,BR-000377,INV-000601,Orchard Robotics,received,2025-09-27
PMT-000386,CUST-0114,2025-11-03,4118.52,GBP,Card,BR-000378,INV-000602,Orchard Robotics,received,2025-11-03
PMT-000387,CUST-0114,2025-11-14,5028.12,GBP,Wire,BR-000379,INV-000603,Orchard Robotics,received,2025-11-14
PMT-000388,CUST-0114,2025-12-06,3696.2,GBP,Card,BR-000380,INV-000604,Orchard Robotics,received,2025-12-06
PMT-000389,CUST-0114,2026-02-01,5891.05,GBP,ACH,BR-000381,INV-000605,Orchard Robotics,received,2026-02-01
PMT-000390,CUST-0114,2026-02-17,4664.02,GBP,Wire,BR-000382,INV-000606,Orchard Robotics,received,2026-02-17
PMT-000391,CUST-0114,2026-04-09,3494.9,GBP,ACH,BR-000383,INV-000607,Orchard Robotics,received,2026-04-09
PMT-000392,CUST-0114,2026-04-13,5151.98,GBP,Wire,BR-000384,INV-000608,Orchard Robotics,received,2026-04-13
PMT-000393,CUST-0114,2026-05-31,3569.98,GBP,ACH,BR-000385,INV-000610,Orchard Robotics,received,2026-05-31
PMT-000394,CUST-0115,2025-12-21,288500.0,MXN,ACH,BR-000386,INV-000613,Sterling Ventures,received,2025-12-21
PMT-000395,CUST-0115,2026-03-11,288500.0,MXN,Card,BR-000387,INV-000614,Sterling Ventures,received,2026-03-11
PMT-000396,CUST-0115,2026-05-31,288500.0,MXN,ACH,BR-000388,INV-000615,Sterling Ventures,received,2026-05-31
PMT-000397,CUST-0116,2026-01-28,20500.0,USD,Wire,BR-000389,INV-000616,Tideline Holdings,received,2026-01-28
PMT-000398,CUST-0117,2025-08-26,35800.0,USD,ACH,BR-000390,INV-000617,Northwind Media,received,2025-08-26
PMT-000399,CUST-0117,2025-12-24,35800.0,USD,Card,BR-000391,INV-000618,Northwind Media,received,2025-12-24
PMT-000400,CUST-0117,2026-03-06,35800.0,USD,Wire,BR-000392,INV-000619,Northwind Media,received,2026-03-06
PMT-000401,CUST-0117,2026-05-20,35800.0,USD,ACH,BR-000393,INV-000620,Northwind Media,received,2026-05-20
PMT-000402,CUST-0119,2025-05-08,3400.0,USD,Wire,BR-000394,INV-000624,Lumen Labs,received,2025-05-08
PMT-000403,CUST-0120,2025-08-11,120752500.01,ARS,Wire,BR-000395,INV-000627,Pioneer Retail,received,2025-08-11
PMT-000404,CUST-0120,2025-10-05,120752500.01,ARS,Wire,BR-000396,INV-000628,Pioneer Retail,received,2025-10-05
PMT-000405,CUST-0120,2025-11-13,120752500.01,ARS,Check,BR-000397,INV-000629,Pioneer Retail,received,2025-11-13
PMT-000406,CUST-0120,2025-11-09,120752500.01,ARS,Wire,BR-000398,INV-000630,Pioneer Retail,received,2025-11-09
PMT-000407,CUST-0120,2026-01-13,110371995.27,ARS,Wire,BR-000399,INV-000631,Pioneer Retail,received,2026-01-13
PMT-000408,CUST-0120,2026-01-18,120752500.01,ARS,Wire,BR-000400,INV-000632,Pioneer Retail,received,2026-01-18
PMT-000409,CUST-0120,2026-02-26,120752500.01,ARS,Wire,BR-000401,INV-000633,Pioneer Retail,received,2026-02-26
PMT-000410,CUST-0120,2026-04-08,120752500.01,ARS,Wire,BR-000402,INV-000634,Pioneer Retail,received,2026-04-08
PMT-000411,CUST-0120,2026-04-17,120752500.01,ARS,ACH,BR-000403,INV-000635,Pioneer Retail,received,2026-04-17
PMT-000412,CUST-0120,2026-05-31,120752500.01,ARS,Wire,BR-000404,INV-000636,Pioneer Retail,received,2026-05-31
PMT-000413,CUST-0121,2026-02-21,602.81,USD,Check,BR-000405,INV-000640,Solstice Energy,received,2026-02-21
PMT-000414,CUST-0122,2025-12-10,1111.12,EUR,Wire,BR-000406,INV-000646,Ironclad Studios,received,2025-12-10
PMT-000415,CUST-0122,2026-02-09,1111.12,EUR,Wire,BR-000407,INV-000647,Ironclad Studios,received,2026-02-09
PMT-000416,CUST-0122,2026-03-16,1111.12,EUR,ACH,BR-000408,INV-000648,Ironclad Studios,received,2026-03-16
PMT-000417,CUST-0122,2026-04-25,1111.12,EUR,Wire,BR-000409,INV-000650,Ironclad Studios,received,2026-04-25
PMT-000418,CUST-0123,2025-11-07,64000.0,USD,Card,BR-000410,INV-000654,Orchard Technologies,received,2025-11-07
PMT-000419,CUST-0124,2025-07-31,45483.75,BRL,Wire,BR-000411,INV-000655,Sterling Capital,received,2025-07-31
PMT-000420,CUST-0124,2025-11-07,45483.75,BRL,Wire,BR-000412,INV-000656,Sterling Capital,received,2025-11-07
PMT-000421,CUST-0124,2026-05-12,41295.89,BRL,ACH,BR-000413,INV-000658,Sterling Capital,received,2026-05-12
PMT-000422,CUST-0124,2026-04-06,198387.05,BRL,Wire,BR-000414,INV-000659,Sterling Capital,received,2026-04-06
PMT-000423,CUST-0125,2026-05-05,3496545.0,BRL,ACH,BR-000415,INV-000660,Tideline Analytics,received,2026-05-05
PMT-000424,CUST-0125,2025-06-01,12011805.0,BRL,Wire,BR-000416,INV-000661,Tideline Analytics,received,2025-06-01
PMT-000425,CUST-0003,2026-05-31,1916.66,EUR,Wire,BR-000417,INV-000663,Pioneer Mobility,received,2026-05-31
PMT-000426,CUST-0025,2026-05-31,78778.86,USD,ACH,BR-000418,INV-000667,Sterling Ventures,received,2026-05-31
PMT-000427,CUST-0002,2026-05-31,6900.0,USD,Wire,BR-000419,INV-000671,Lumen Foods,received,2026-05-31
PMT-000428,CUST-0007,2025-12-24,13117.39,USD,ACH,BR-000420,INV-000672,Sterling Ventures,received,2025-12-24
PMT-000429,CUST-0016,2025-10-22,599.62,USD,Wire,BR-000421,INV-000673,Sterling Capital,received,2025-10-22
