contract_id,opportunity_id,customer_id,signed_date,contract_start_date,contract_end_date,contract_value,arr_amount,currency,legal_entity,billing_model,billing_frequency,revenue_recognition_method,performance_obligation_count,payment_terms,auto_renew_flag,po_required_flag,non_standard_terms_flag,contract_status,source_system
CTR-00001,OPP-00001,CUST-0001,2026-05-30,2026-05-30,2027-04-30,12989000.0,12989000.0,BRL,Acme Brasil Ltda,subscription,monthly,ratable,1,NET30,0,1,0,active,CLM
CTR-00002,OPP-00002,CUST-0001,2025-04-30,2025-04-30,2028-03-30,7344500.0,0.0,BRL,Acme Brasil Ltda,services,one-time,as_delivered,1,NET30,1,1,0,active,CLM
CTR-00003,OPP-00004,CUST-0001,2025-04-30,2025-04-30,2026-03-30,14922000.0,14922000.0,BRL,Acme Brasil Ltda,subscription,annual,ratable,1,NET30,1,1,0,expired,CLM
CTR-00004,OPP-00005,CUST-0001,2026-04-30,2026-04-30,2028-03-30,1968500.0,0.0,BRL,Acme Brasil Ltda,services,one-time,as_delivered,1,NET30,0,1,1,active,CLM
CTR-00005,OPP-00006,CUST-0001,2025-07-30,2025-07-30,2028-06-30,8411500.0,0.0,BRL,Acme Brasil Ltda,services,one-time,as_delivered,2,NET30,1,1,1,active,CLM
CTR-00006,OPP-00008,CUST-0002,2026-06-30,2026-06-30,2028-05-30,32000.0,32000.0,USD,Acme US Inc,usage,quarterly,point_in_time,1,NET30,0,0,0,active,CLM
CTR-00007,OPP-00010,CUST-0002,2025-03-30,2025-03-30,2028-02-29,22800.0,0.0,USD,Acme US Inc,services,one-time,as_delivered,2,NET30,1,0,0,active,CLM
CTR-00008,OPP-00011,CUST-0002,2025-08-30,2025-08-30,2026-07-30,35400.0,35400.0,USD,Acme US Inc,usage,annual,point_in_time,1,NET30,0,0,1,active,CLM
CTR-00009,OPP-00012,CUST-0003,2026-06-30,2026-06-30,2029-05-30,27400.0,27400.0,USD,Acme US Inc,usage,monthly,point_in_time,1,NET45,0,0,1,active,CLM
CTR-00010,OPP-00014,CUST-0003,2026-04-30,2026-04-30,2028-03-30,18300.0,18300.0,USD,Acme US Inc,usage,monthly,point_in_time,1,NET45,1,0,0,active,CLM
CTR-00011,OPP-00018,CUST-0004,2025-10-30,2025-10-30,2028-09-30,622413.79,622413.79,MXN,Acme Mexico SA,usage,quarterly,point_in_time,1,NET45,0,0,0,suspended,CLM
CTR-00012,OPP-00019,CUST-0005,2026-06-30,2026-06-30,2028-05-30,16666.67,16666.67,EUR,Acme EU GmbH,usage,monthly,point_in_time,1,NET45,1,1,0,active,CLM
CTR-00013,OPP-00020,CUST-0005,2025-11-30,2025-11-30,2026-10-30,3518.52,0.0,EUR,Acme EU GmbH,services,one-time,as_delivered,2,NET45,0,1,0,active,CLM
CTR-00014,OPP-00021,CUST-0005,2025-03-30,2025-03-30,2026-02-28,19814.81,0.0,EUR,Acme EU GmbH,implementation,one-time,point_in_time,1,NET45,1,1,0,expired,CLM
CTR-00015,OPP-00023,CUST-0006,2026-06-30,2026-06-30,2029-05-30,1096377.95,1096377.95,GBP,Acme UK Ltd,usage,quarterly,point_in_time,1,NET45,1,0,0,active,CLM
CTR-00016,OPP-00026,CUST-0007,2025-08-30,2025-08-30,2026-07-30,28300.0,0.0,USD,Acme US Inc,services,one-time,as_delivered,1,NET15,1,0,0,active,CLM
CTR-00017,OPP-00027,CUST-0007,2025-07-30,2025-07-30,2027-06-30,264600.0,132300.0,USD,Acme US Inc,subscription,monthly,ratable,1,NET15,1,0,0,active,CLM
CTR-00018,OPP-00028,CUST-0007,2026-02-28,2026-02-28,2028-01-28,140800.0,70400.0,USD,Acme US Inc,subscription,quarterly,ratable,1,NET15,0,0,0,active,CLM
CTR-00019,OPP-00029,CUST-0007,2025-11-30,2025-11-30,2028-10-30,113700.0,0.0,USD,Acme US Inc,services,one-time,as_delivered,3,NET15,1,0,0,expired,CLM
CTR-00020,OPP-00030,CUST-0007,2025-07-30,2025-07-30,2027-06-30,22100.0,0.0,USD,Acme US Inc,implementation,one-time,point_in_time,2,NET15,0,0,0,active,CLM
CTR-00021,OPP-00032,CUST-0008,2025-05-30,2025-05-30,2026-04-30,3318900.0,3318900.0,USD,Acme US Inc,subscription,monthly,ratable,1,NET30,1,0,0,expired,CLM
CTR-00022,OPP-00033,CUST-0008,2026-03-30,2026-03-30,2028-02-29,3453100.0,3453100.0,USD,Acme US Inc,usage,annual,point_in_time,1,NET30,1,0,0,active,CLM
CTR-00023,OPP-00034,CUST-0009,2026-04-30,2026-04-30,2028-03-30,3384566.93,1692283.46,GBP,Acme UK Ltd,subscription,quarterly,ratable,1,NET30,0,1,0,active,CLM
CTR-00024,OPP-00035,CUST-0009,2025-08-30,2025-08-30,2027-07-30,1410787.4,1410787.4,GBP,Acme UK Ltd,usage,monthly,point_in_time,1,NET30,0,1,0,terminated,CLM
CTR-00025,OPP-00038,CUST-0009,2025-07-30,2025-07-30,2027-06-30,2293307.09,2293307.09,GBP,Acme UK Ltd,usage,quarterly,point_in_time,1,NET30,1,1,1,expired,CLM
CTR-00026,OPP-00039,CUST-0010,2025-10-30,2025-10-30,2028-09-30,875100.0,875100.0,USD,Acme US Inc,usage,quarterly,point_in_time,1,NET30,1,1,0,suspended,CLM
CTR-00027,OPP-00041,CUST-0010,2026-01-30,2026-01-30,2026-12-30,912200.0,912200.0,USD,Acme US Inc,subscription,monthly,ratable,1,NET30,1,1,0,suspended,CLM
CTR-00028,OPP-00042,CUST-0011,2025-07-30,2025-07-30,2027-06-30,12363636.36,6181818.18,ARS,Acme Argentina SA,subscription,monthly,ratable,1,NET60,1,0,0,active,CLM
CTR-00029,OPP-00043,CUST-0011,2025-09-30,2025-09-30,2026-08-30,23818181.82,23818181.82,ARS,Acme Argentina SA,usage,monthly,point_in_time,1,NET60,1,0,0,active,CLM
CTR-00030,OPP-00044,CUST-0011,2025-03-30,2025-03-30,2027-02-28,8545454.55,0.0,ARS,Acme Argentina SA,implementation,one-time,point_in_time,2,NET60,1,0,0,active,CLM
CTR-00031,OPP-00045,CUST-0011,2025-05-30,2025-05-30,2027-04-30,17363636.36,17363636.36,ARS,Acme Argentina SA,usage,monthly,point_in_time,1,NET60,1,0,1,active,CLM
CTR-00032,OPP-00046,CUST-0011,2026-06-30,2026-06-30,2027-05-30,13454545.45,0.0,ARS,Acme Argentina SA,services,one-time,as_delivered,1,NET60,1,0,0,active,CLM
CTR-00033,OPP-00048,CUST-0011,2025-05-30,2025-05-30,2027-04-30,5272727.27,0.0,ARS,Acme Argentina SA,services,one-time,as_delivered,1,NET60,1,0,0,terminated,CLM
CTR-00034,OPP-00049,CUST-0012,2026-05-30,2026-05-30,2029-04-30,33240.74,33240.74,EUR,Acme EU GmbH,usage,monthly,point_in_time,1,NET15,1,0,1,active,CLM
CTR-00035,OPP-00050,CUST-0012,2026-05-30,2026-05-30,2028-04-30,35925.93,17962.96,EUR,Acme EU GmbH,subscription,quarterly,ratable,1,NET15,0,0,1,active,CLM
CTR-00036,OPP-00051,CUST-0012,2026-01-30,2026-01-30,2027-12-30,5277.78,0.0,EUR,Acme EU GmbH,services,one-time,as_delivered,1,NET15,0,0,0,active,CLM
CTR-00037,OPP-00052,CUST-0012,2026-01-30,2026-01-30,2027-12-30,24259.26,0.0,EUR,Acme EU GmbH,services,one-time,as_delivered,1,NET15,1,0,0,terminated,CLM
CTR-00038,OPP-00053,CUST-0012,2026-04-30,2026-04-30,2027-03-30,27777.78,27777.78,EUR,Acme EU GmbH,subscription,quarterly,ratable,1,NET15,0,0,0,terminated,CLM
CTR-00039,OPP-00055,CUST-0013,2025-03-30,2025-03-30,2027-02-28,65555.56,32777.78,EUR,Acme EU GmbH,subscription,monthly,ratable,1,NET30,0,0,0,active,CLM
CTR-00040,OPP-00058,CUST-0013,2026-02-28,2026-02-28,2028-01-28,68518.52,34259.26,EUR,Acme EU GmbH,subscription,monthly,ratable,1,NET30,1,0,0,active,CLM
CTR-00041,OPP-00059,CUST-0014,2025-04-30,2025-04-30,2027-03-30,138200.0,138200.0,USD,Acme US Inc,usage,monthly,point_in_time,1,NET30,1,0,1,active,CLM
CTR-00042,OPP-00064,CUST-0014,2026-02-28,2026-02-28,2027-01-28,118900.0,118900.0,USD,Acme US Inc,subscription,quarterly,ratable,1,NET30,0,0,1,active,CLM
CTR-00043,OPP-00067,CUST-0015,2025-10-30,2025-10-30,2028-09-30,281200.0,0.0,USD,Acme US Inc,services,one-time,as_delivered,2,NET60,0,1,0,active,CLM
CTR-00044,OPP-00069,CUST-0016,2025-08-30,2025-08-30,2026-07-30,24100.0,24100.0,USD,Acme US Inc,usage,monthly,point_in_time,1,NET90,0,0,0,terminated,CLM
CTR-00045,OPP-00070,CUST-0016,2025-04-30,2025-04-30,2028-03-30,13800.0,0.0,USD,Acme US Inc,services,one-time,as_delivered,2,NET90,0,0,0,active,CLM
CTR-00046,OPP-00071,CUST-0016,2026-02-28,2026-02-28,2028-01-28,7600.0,0.0,USD,Acme US Inc,services,one-time,as_delivered,2,NET90,1,0,0,active,CLM
CTR-00047,OPP-00072,CUST-0017,2026-02-28,2026-02-28,2027-01-28,2207500.0,0.0,BRL,Acme Brasil Ltda,services,one-time,as_delivered,1,NET15,1,1,0,active,CLM
CTR-00048,OPP-00073,CUST-0017,2025-08-30,2025-08-30,2028-07-30,2044500.0,2044500.0,BRL,Acme Brasil Ltda,usage,quarterly,point_in_time,1,NET15,0,1,0,active,CLM
CTR-00049,OPP-00074,CUST-0017,2025-08-30,2025-08-30,2026-07-30,1084500.0,0.0,BRL,Acme Brasil Ltda,services,one-time,as_delivered,1,NET15,0,1,0,active,CLM
CTR-00050,OPP-00075,CUST-0018,2025-10-30,2025-10-30,2027-09-30,5474000.0,2737000.0,USD,Acme US Inc,subscription,quarterly,ratable,1,NET30,1,0,0,active,CLM
CTR-00051,OPP-00076,CUST-0018,2026-06-30,2026-06-30,2029-05-30,926700.0,0.0,USD,Acme US Inc,services,one-time,as_delivered,3,NET30,0,0,0,active,CLM
CTR-00052,OPP-00077,CUST-0018,2025-03-30,2025-03-30,2027-02-28,5024800.0,2512400.0,USD,Acme US Inc,subscription,quarterly,ratable,1,NET30,1,0,0,active,CLM
CTR-00053,OPP-00078,CUST-0019,2025-09-30,2025-09-30,2026-08-30,284500.0,0.0,USD,Acme US Inc,services,one-time,as_delivered,2,NET30,0,0,0,suspended,CLM
CTR-00054,OPP-00081,CUST-0019,2025-12-30,2025-12-30,2027-11-30,337500.0,0.0,USD,Acme US Inc,services,one-time,as_delivered,2,NET30,1,0,0,suspended,CLM
CTR-00055,OPP-00085,CUST-0020,2025-08-30,2025-08-30,2028-07-30,24200.0,24200.0,USD,Acme US Inc,usage,monthly,point_in_time,1,NET30,0,0,0,active,CLM
CTR-00056,OPP-00086,CUST-0020,2025-08-30,2025-08-30,2028-07-30,33000.0,11000.0,USD,Acme US Inc,subscription,monthly,ratable,1,NET30,0,0,0,active,CLM
CTR-00057,OPP-00088,CUST-0021,2026-06-30,2026-06-30,2027-05-30,99100.0,99100.0,USD,Acme US Inc,subscription,quarterly,ratable,1,NET15,0,0,0,active,CLM
CTR-00058,OPP-00089,CUST-0021,2025-11-30,2025-11-30,2026-10-30,108300.0,0.0,USD,Acme US Inc,implementation,one-time,point_in_time,3,NET15,1,0,0,active,CLM
CTR-00059,OPP-00091,CUST-0021,2025-08-30,2025-08-30,2027-07-30,25300.0,0.0,USD,Acme US Inc,implementation,one-time,point_in_time,2,NET15,1,0,0,active,CLM
CTR-00060,OPP-00097,CUST-0022,2025-09-30,2025-09-30,2026-08-30,135500.0,0.0,BRL,Acme Brasil Ltda,implementation,one-time,point_in_time,2,NET90,1,0,0,active,CLM
CTR-00061,OPP-00099,CUST-0023,2026-03-30,2026-03-30,2028-02-29,988200.0,494100.0,USD,Acme US Inc,subscription,monthly,ratable,1,NET15,1,1,0,active,CLM
CTR-00062,OPP-00100,CUST-0023,2026-02-28,2026-02-28,2027-01-28,168200.0,0.0,USD,Acme US Inc,services,one-time,as_delivered,1,NET15,1,1,0,active,CLM
CTR-00063,OPP-00101,CUST-0023,2025-07-30,2025-07-30,2026-06-30,277400.0,0.0,USD,Acme US Inc,implementation,one-time,point_in_time,2,NET15,0,1,1,active,CLM
CTR-00064,OPP-00102,CUST-0023,2026-06-30,2026-06-30,2029-05-30,126500.0,0.0,USD,Acme US Inc,services,one-time,as_delivered,1,NET15,1,1,1,active,CLM
CTR-00065,OPP-00106,CUST-0025,2025-05-30,2025-05-30,2026-04-30,164074.07,164074.07,EUR,Acme EU GmbH,usage,monthly,point_in_time,1,NET45,1,0,0,expired,CLM
CTR-00066,OPP-00107,CUST-0025,2026-04-30,2026-04-30,2029-03-30,73796.3,0.0,EUR,Acme EU GmbH,services,one-time,as_delivered,3,NET45,0,0,0,active,CLM
CTR-00067,OPP-00108,CUST-0025,2025-03-30,2025-03-30,2027-02-28,284259.26,142129.63,EUR,Acme EU GmbH,subscription,quarterly,ratable,1,NET45,1,0,0,active,CLM
CTR-00068,OPP-00112,CUST-0026,2026-03-30,2026-03-30,2028-02-29,1023100.0,0.0,USD,Acme US Inc,services,one-time,as_delivered,2,NET60,1,0,0,active,CLM
CTR-00069,OPP-00113,CUST-0026,2025-06-30,2025-06-30,2028-05-30,2477200.0,0.0,USD,Acme US Inc,services,one-time,as_delivered,2,NET60,1,0,0,active,CLM
CTR-00070,OPP-00114,CUST-0026,2026-06-30,2026-06-30,2028-05-30,2184800.0,1092400.0,USD,Acme US Inc,subscription,monthly,ratable,1,NET60,1,0,0,active,CLM
CTR-00071,OPP-00115,CUST-0027,2026-01-30,2026-01-30,2026-12-30,12800.0,0.0,USD,Acme US Inc,implementation,one-time,point_in_time,3,NET30,0,0,0,active,CLM
CTR-00072,OPP-00120,CUST-0027,2025-03-30,2025-03-30,2027-02-28,4100.0,0.0,USD,Acme US Inc,implementation,one-time,point_in_time,1,NET30,1,0,0,terminated,CLM
CTR-00073,OPP-00123,CUST-0028,2026-02-28,2026-02-28,2028-01-28,541400.0,270700.0,USD,Acme US Inc,subscription,quarterly,ratable,1,NET30,1,0,0,active,CLM
CTR-00074,OPP-00125,CUST-0028,2025-05-30,2025-05-30,2027-04-30,378500.0,378500.0,USD,Acme US Inc,usage,monthly,point_in_time,1,NET30,0,0,1,active,CLM
CTR-00075,OPP-00127,CUST-0029,2026-04-30,2026-04-30,2028-03-30,4837931.03,2418965.52,MXN,Acme Mexico SA,subscription,annual,ratable,1,NET30,0,1,0,active,CLM
CTR-00076,OPP-00129,CUST-0029,2025-04-30,2025-04-30,2026-03-30,2946551.72,2946551.72,MXN,Acme Mexico SA,usage,quarterly,point_in_time,1,NET30,1,1,0,expired,CLM
CTR-00077,OPP-00130,CUST-0029,2026-02-28,2026-02-28,2027-01-28,896551.72,896551.72,MXN,Acme Mexico SA,usage,quarterly,point_in_time,1,NET30,0,1,0,active,CLM
CTR-00078,OPP-00131,CUST-0029,2026-01-30,2026-01-30,2026-12-30,1634482.76,0.0,MXN,Acme Mexico SA,implementation,one-time,point_in_time,3,NET30,1,1,0,active,CLM
CTR-00079,OPP-00133,CUST-0030,2025-12-30,2025-12-30,2026-11-30,1665900.0,1665900.0,USD,Acme US Inc,subscription,quarterly,ratable,1,NET15,0,1,0,active,CLM
CTR-00080,OPP-00134,CUST-0030,2025-06-30,2025-06-30,2027-05-30,2475700.0,2475700.0,USD,Acme US Inc,usage,quarterly,point_in_time,1,NET15,1,1,0,active,CLM
CTR-00081,OPP-00135,CUST-0030,2026-06-30,2026-06-30,2028-05-30,1562200.0,781100.0,USD,Acme US Inc,subscription,monthly,ratable,1,NET15,0,1,0,active,CLM
CTR-00082,OPP-00136,CUST-0030,2025-07-30,2025-07-30,2028-06-30,9280200.0,3093400.0,USD,Acme US Inc,subscription,quarterly,ratable,1,NET15,1,1,0,active,CLM
CTR-00083,OPP-00138,CUST-0031,2025-03-30,2025-03-30,2027-02-28,589133.86,589133.86,GBP,Acme UK Ltd,usage,monthly,point_in_time,1,NET30,1,1,0,active,CLM
CTR-00084,OPP-00139,CUST-0031,2025-11-30,2025-11-30,2026-10-30,177874.02,0.0,GBP,Acme UK Ltd,services,one-time,as_delivered,1,NET30,1,1,1,active,CLM
CTR-00085,OPP-00140,CUST-0031,2025-08-30,2025-08-30,2026-07-30,382204.72,382204.72,GBP,Acme UK Ltd,subscription,monthly,ratable,1,NET30,1,1,1,active,CLM
CTR-00086,OPP-00142,CUST-0031,2025-12-30,2025-12-30,2027-11-30,203464.57,0.0,GBP,Acme UK Ltd,implementation,one-time,point_in_time,2,NET30,0,1,0,active,CLM
CTR-00087,OPP-00143,CUST-0032,2025-09-30,2025-09-30,2027-08-30,78888.89,0.0,EUR,Acme EU GmbH,implementation,one-time,point_in_time,2,NET30,1,0,1,active,CLM
CTR-00088,OPP-00145,CUST-0032,2025-09-30,2025-09-30,2028-08-30,46388.89,0.0,EUR,Acme EU GmbH,services,one-time,as_delivered,1,NET30,0,0,0,active,CLM
CTR-00089,OPP-00146,CUST-0032,2025-11-30,2025-11-30,2027-10-30,330555.56,165277.78,EUR,Acme EU GmbH,subscription,monthly,ratable,1,NET30,0,0,0,active,CLM
CTR-00090,OPP-00148,CUST-0033,2026-01-30,2026-01-30,2027-12-30,1579100.0,0.0,USD,Acme US Inc,services,one-time,as_delivered,1,NET15,0,0,0,active,CLM
CTR-00091,OPP-00150,CUST-0033,2025-06-30,2025-06-30,2027-05-30,901900.0,0.0,USD,Acme US Inc,services,one-time,as_delivered,3,NET15,0,0,0,active,CLM
CTR-00092,OPP-00151,CUST-0033,2025-09-30,2025-09-30,2026-08-30,2591200.0,2591200.0,USD,Acme US Inc,subscription,monthly,ratable,1,NET15,0,0,0,active,CLM
CTR-00093,OPP-00152,CUST-0033,2026-06-30,2026-06-30,2027-05-30,1225600.0,1225600.0,USD,Acme US Inc,subscription,quarterly,ratable,1,NET15,1,0,0,active,CLM
CTR-00094,OPP-00153,CUST-0034,2026-06-30,2026-06-30,2027-05-30,15092.59,0.0,EUR,Acme EU GmbH,implementation,one-time,point_in_time,2,NET60,1,1,0,active,CLM
CTR-00095,OPP-00155,CUST-0034,2026-03-30,2026-03-30,2028-02-29,13888.89,6944.44,EUR,Acme EU GmbH,subscription,monthly,ratable,1,NET60,0,1,0,active,CLM
CTR-00096,OPP-00159,CUST-0035,2026-03-30,2026-03-30,2029-02-28,46800.0,15600.0,USD,Acme US Inc,subscription,quarterly,ratable,1,NET30,0,0,0,active,CLM
CTR-00097,OPP-00160,CUST-0036,2026-05-30,2026-05-30,2028-04-30,30555.56,0.0,EUR,Acme EU GmbH,implementation,one-time,point_in_time,1,NET15,1,0,0,expired,CLM
CTR-00098,OPP-00161,CUST-0036,2025-09-30,2025-09-30,2027-08-30,156481.48,78240.74,EUR,Acme EU GmbH,subscription,monthly,ratable,1,NET15,0,0,0,active,CLM
CTR-00099,OPP-00162,CUST-0036,2025-11-30,2025-11-30,2028-10-30,111018.52,111018.52,EUR,Acme EU GmbH,usage,monthly,point_in_time,1,NET15,1,0,0,active,CLM
CTR-00100,OPP-00163,CUST-0036,2025-12-30,2025-12-30,2028-11-30,46018.52,46018.52,EUR,Acme EU GmbH,usage,monthly,point_in_time,1,NET15,0,0,0,active,CLM
CTR-00101,OPP-00165,CUST-0037,2026-06-30,2026-06-30,2028-05-30,35555.56,17777.78,EUR,Acme EU GmbH,subscription,monthly,ratable,1,NET15,0,0,0,active,CLM
CTR-00102,OPP-00166,CUST-0037,2025-12-30,2025-12-30,2027-11-30,12870.37,0.0,EUR,Acme EU GmbH,implementation,one-time,point_in_time,2,NET15,0,0,0,active,CLM
CTR-00103,OPP-00167,CUST-0037,2026-02-28,2026-02-28,2029-01-28,103888.89,34629.63,EUR,Acme EU GmbH,subscription,monthly,ratable,1,NET15,0,0,1,active,CLM
CTR-00104,OPP-00170,CUST-0038,2026-02-28,2026-02-28,2028-01-28,1271944.44,0.0,EUR,Acme EU GmbH,implementation,one-time,point_in_time,1,NET90,1,1,0,active,CLM
CTR-00105,OPP-00171,CUST-0038,2026-01-30,2026-01-30,2027-12-30,4683888.89,2341944.44,EUR,Acme EU GmbH,subscription,annual,ratable,1,NET90,1,1,0,active,CLM
CTR-00106,OPP-00172,CUST-0039,2025-07-30,2025-07-30,2026-06-30,26400.0,26400.0,USD,Acme US Inc,subscription,quarterly,ratable,1,NET15,1,0,0,terminated,CLM
CTR-00107,OPP-00174,CUST-0039,2026-01-30,2026-01-30,2027-12-30,16400.0,0.0,USD,Acme US Inc,services,one-time,as_delivered,2,NET15,0,0,0,active,CLM
CTR-00108,OPP-00175,CUST-0039,2026-05-30,2026-05-30,2028-04-30,13600.0,13600.0,USD,Acme US Inc,usage,monthly,point_in_time,1,NET15,1,0,0,active,CLM
CTR-00109,OPP-00176,CUST-0039,2025-12-30,2025-12-30,2026-11-30,7200.0,0.0,USD,Acme US Inc,implementation,one-time,point_in_time,1,NET15,0,0,0,active,CLM
CTR-00110,OPP-00177,CUST-0039,2025-08-30,2025-08-30,2028-07-30,28100.0,0.0,USD,Acme US Inc,services,one-time,as_delivered,1,NET15,1,0,0,active,CLM
CTR-00111,OPP-00178,CUST-0040,2025-11-30,2025-11-30,2026-10-30,322636363.64,0.0,ARS,Acme Argentina SA,implementation,one-time,point_in_time,3,NET30,1,0,0,active,CLM
CTR-00112,OPP-00179,CUST-0040,2025-06-30,2025-06-30,2027-05-30,159636363.64,0.0,ARS,Acme Argentina SA,implementation,one-time,point_in_time,1,NET30,1,0,0,active,CLM
CTR-00113,OPP-00184,CUST-0041,2025-03-30,2025-03-30,2026-02-28,13703.7,0.0,EUR,Acme EU GmbH,services,one-time,as_delivered,1,NET15,0,0,0,expired,CLM
CTR-00114,OPP-00185,CUST-0041,2025-04-30,2025-04-30,2026-03-30,24537.04,0.0,EUR,Acme EU GmbH,implementation,one-time,point_in_time,2,NET15,1,0,0,expired,CLM
CTR-00115,OPP-00188,CUST-0042,2026-03-30,2026-03-30,2029-02-28,32314.81,32314.81,EUR,Acme EU GmbH,usage,quarterly,point_in_time,1,NET15,1,0,0,active,CLM
CTR-00116,OPP-00191,CUST-0043,2025-09-30,2025-09-30,2026-08-30,659055.12,659055.12,GBP,Acme UK Ltd,usage,monthly,point_in_time,1,NET45,0,1,0,active,CLM
CTR-00117,OPP-00193,CUST-0043,2025-04-30,2025-04-30,2028-03-30,119921.26,0.0,GBP,Acme UK Ltd,implementation,one-time,point_in_time,1,NET45,0,1,0,active,CLM
CTR-00118,OPP-00194,CUST-0044,2026-01-30,2026-01-30,2026-12-30,20400.0,20400.0,USD,Acme US Inc,subscription,monthly,ratable,1,NET30,1,0,0,active,CLM
CTR-00119,OPP-00196,CUST-0044,2026-01-30,2026-01-30,2028-12-30,40800.0,13600.0,USD,Acme US Inc,subscription,monthly,ratable,1,NET30,1,0,0,active,CLM
CTR-00120,OPP-00197,CUST-0044,2025-07-30,2025-07-30,2027-06-30,24200.0,0.0,USD,Acme US Inc,services,one-time,as_delivered,2,NET30,0,0,0,active,CLM
CTR-00121,OPP-00199,CUST-0045,2025-09-30,2025-09-30,2027-08-30,880800.0,440400.0,USD,Acme US Inc,subscription,quarterly,ratable,1,NET15,0,1,0,active,CLM
CTR-00122,OPP-00200,CUST-0045,2026-03-30,2026-03-30,2028-02-29,810600.0,810600.0,USD,Acme US Inc,usage,monthly,point_in_time,1,NET15,1,1,0,active,CLM
CTR-00123,OPP-00201,CUST-0045,2026-01-30,2026-01-30,2028-12-30,382100.0,382100.0,USD,Acme US Inc,usage,quarterly,point_in_time,1,NET15,1,1,0,active,CLM
CTR-00124,OPP-00203,CUST-0046,2025-12-30,2025-12-30,2027-11-30,179310.34,0.0,MXN,Acme Mexico SA,services,one-time,as_delivered,2,NET15,1,0,0,active,CLM
CTR-00125,OPP-00205,CUST-0046,2025-11-30,2025-11-30,2028-10-30,368965.52,0.0,MXN,Acme Mexico SA,implementation,one-time,point_in_time,1,NET15,1,0,0,active,CLM
CTR-00126,OPP-00207,CUST-0047,2026-05-30,2026-05-30,2028-04-30,1572413.79,0.0,MXN,Acme Mexico SA,implementation,one-time,point_in_time,1,NET30,1,0,0,active,CLM
CTR-00127,OPP-00208,CUST-0047,2025-05-30,2025-05-30,2026-04-30,1160344.83,0.0,MXN,Acme Mexico SA,services,one-time,as_delivered,1,NET30,1,0,0,expired,CLM
CTR-00128,OPP-00209,CUST-0047,2026-03-30,2026-03-30,2029-02-28,1025862.07,0.0,MXN,Acme Mexico SA,services,one-time,as_delivered,2,NET30,0,0,0,active,CLM
CTR-00129,OPP-00210,CUST-0047,2026-05-30,2026-05-30,2028-04-30,743103.45,0.0,MXN,Acme Mexico SA,implementation,one-time,point_in_time,1,NET30,1,0,0,active,CLM
CTR-00130,OPP-00211,CUST-0048,2025-10-30,2025-10-30,2027-09-30,40787.4,0.0,GBP,Acme UK Ltd,implementation,one-time,point_in_time,2,NET45,1,0,0,active,CLM
CTR-00131,OPP-00212,CUST-0048,2025-09-30,2025-09-30,2026-08-30,125984.25,125984.25,GBP,Acme UK Ltd,usage,monthly,point_in_time,1,NET45,1,0,0,active,CLM
CTR-00132,OPP-00213,CUST-0048,2026-03-30,2026-03-30,2027-02-28,12047.24,0.0,GBP,Acme UK Ltd,services,one-time,as_delivered,2,NET45,1,0,0,active,CLM
CTR-00133,OPP-00214,CUST-0048,2025-11-30,2025-11-30,2026-10-30,39685.04,0.0,GBP,Acme UK Ltd,implementation,one-time,point_in_time,1,NET45,1,0,0,active,CLM
CTR-00134,OPP-00215,CUST-0049,2025-08-30,2025-08-30,2027-07-30,2026500.0,0.0,BRL,Acme Brasil Ltda,services,one-time,as_delivered,1,NET60,1,1,0,active,CLM
CTR-00135,OPP-00216,CUST-0049,2025-10-30,2025-10-30,2026-09-30,3683000.0,3683000.0,BRL,Acme Brasil Ltda,subscription,annual,ratable,1,NET60,0,1,0,active,CLM
CTR-00136,OPP-00217,CUST-0049,2025-05-30,2025-05-30,2026-04-30,3383000.0,3383000.0,BRL,Acme Brasil Ltda,subscription,monthly,ratable,1,NET60,0,1,0,expired,CLM
CTR-00137,OPP-00218,CUST-0049,2025-09-30,2025-09-30,2026-08-30,1478000.0,1478000.0,BRL,Acme Brasil Ltda,subscription,monthly,ratable,1,NET60,1,1,0,active,CLM
CTR-00138,OPP-00219,CUST-0049,2025-12-30,2025-12-30,2026-11-30,4138000.0,4138000.0,BRL,Acme Brasil Ltda,subscription,annual,ratable,1,NET60,1,1,0,active,CLM
CTR-00139,OPP-00220,CUST-0050,2025-05-30,2025-05-30,2027-04-30,5500.0,0.0,USD,Acme US Inc,services,one-time,as_delivered,2,NET30,1,0,1,active,CLM
CTR-00140,OPP-00221,CUST-0050,2025-06-30,2025-06-30,2027-05-30,7600.0,0.0,USD,Acme US Inc,services,one-time,as_delivered,1,NET30,1,0,0,active,CLM
CTR-00141,OPP-00224,CUST-0050,2025-10-30,2025-10-30,2028-09-30,25200.0,8400.0,USD,Acme US Inc,subscription,quarterly,ratable,1,NET30,1,0,1,active,CLM
CTR-00142,OPP-00227,CUST-0051,2025-04-30,2025-04-30,2026-03-30,15275.59,15275.59,GBP,Acme UK Ltd,usage,monthly,point_in_time,1,NET30,0,0,0,expired,CLM
CTR-00143,OPP-00229,CUST-0051,2026-05-30,2026-05-30,2028-04-30,6535.43,0.0,GBP,Acme UK Ltd,implementation,one-time,point_in_time,2,NET30,1,0,0,expired,CLM
CTR-00144,OPP-00230,CUST-0052,2025-03-30,2025-03-30,2028-02-29,383300.0,0.0,USD,Acme US Inc,implementation,one-time,point_in_time,2,NET30,1,0,0,active,CLM
CTR-00145,OPP-00231,CUST-0052,2026-06-30,2026-06-30,2028-05-30,794000.0,794000.0,USD,Acme US Inc,usage,monthly,point_in_time,1,NET30,1,0,1,active,CLM
CTR-00146,OPP-00235,CUST-0053,2026-05-30,2026-05-30,2028-04-30,24300.0,24300.0,USD,Acme US Inc,usage,quarterly,point_in_time,1,NET30,0,1,0,active,CLM
CTR-00147,OPP-00236,CUST-0053,2026-05-30,2026-05-30,2028-04-30,61600.0,30800.0,USD,Acme US Inc,subscription,quarterly,ratable,1,NET30,1,1,0,terminated,CLM
CTR-00148,OPP-00237,CUST-0054,2025-10-30,2025-10-30,2027-09-30,249400.0,124700.0,USD,Acme US Inc,subscription,quarterly,ratable,1,NET30,1,0,0,active,CLM
CTR-00149,OPP-00238,CUST-0054,2026-01-30,2026-01-30,2026-12-30,161200.0,161200.0,USD,Acme US Inc,subscription,annual,ratable,1,NET30,1,0,0,active,CLM
CTR-00150,OPP-00239,CUST-0054,2025-12-30,2025-12-30,2027-11-30,57800.0,0.0,USD,Acme US Inc,services,one-time,as_delivered,1,NET30,1,0,0,active,CLM
CTR-00151,OPP-00243,CUST-0054,2025-06-30,2025-06-30,2026-05-30,89500.0,89500.0,USD,Acme US Inc,subscription,monthly,ratable,1,NET30,1,0,0,expired,CLM
CTR-00152,OPP-00245,CUST-0055,2025-10-30,2025-10-30,2027-09-30,7962.96,7962.96,EUR,Acme EU GmbH,usage,monthly,point_in_time,1,NET15,1,0,0,active,CLM
CTR-00153,OPP-00249,CUST-0056,2025-07-30,2025-07-30,2028-06-30,4722.22,0.0,EUR,Acme EU GmbH,services,one-time,as_delivered,1,NET15,1,0,0,active,CLM
CTR-00154,OPP-00254,CUST-0057,2025-03-30,2025-03-30,2027-02-28,5462.96,0.0,EUR,Acme EU GmbH,services,one-time,as_delivered,2,NET60,1,0,0,active,CLM
CTR-00155,OPP-00257,CUST-0057,2025-07-30,2025-07-30,2026-06-30,26111.11,26111.11,EUR,Acme EU GmbH,subscription,quarterly,ratable,1,NET60,1,0,0,active,CLM
CTR-00156,OPP-00258,CUST-0058,2025-07-30,2025-07-30,2027-06-30,52545454.55,26272727.27,ARS,Acme Argentina SA,subscription,monthly,ratable,1,NET30,0,1,0,active,CLM
CTR-00157,OPP-00259,CUST-0058,2025-12-30,2025-12-30,2026-11-30,31545454.55,31545454.55,ARS,Acme Argentina SA,usage,monthly,point_in_time,1,NET30,0,1,0,active,CLM
CTR-00158,OPP-00261,CUST-0058,2025-08-30,2025-08-30,2027-07-30,10818181.82,0.0,ARS,Acme Argentina SA,services,one-time,as_delivered,1,NET30,0,1,0,active,CLM
CTR-00159,OPP-00262,CUST-0059,2026-01-30,2026-01-30,2027-12-30,8544827.59,0.0,MXN,Acme Mexico SA,implementation,one-time,point_in_time,3,NET15,1,1,0,active,CLM
CTR-00160,OPP-00263,CUST-0059,2025-10-30,2025-10-30,2026-09-30,8553448.28,0.0,MXN,Acme Mexico SA,implementation,one-time,point_in_time,2,NET15,0,1,0,active,CLM
CTR-00161,OPP-00275,CUST-0062,2026-04-30,2026-04-30,2028-03-30,332636363.64,0.0,ARS,Acme Argentina SA,implementation,one-time,point_in_time,1,NET30,1,1,0,active,CLM
CTR-00162,OPP-00279,CUST-0062,2026-06-30,2026-06-30,2029-05-30,428636363.64,0.0,ARS,Acme Argentina SA,implementation,one-time,point_in_time,1,NET30,0,1,0,active,CLM
CTR-00163,OPP-00282,CUST-0063,2025-06-30,2025-06-30,2028-05-30,567000.0,567000.0,BRL,Acme Brasil Ltda,usage,monthly,point_in_time,1,NET30,0,0,0,active,CLM
CTR-00164,OPP-00283,CUST-0063,2026-06-30,2026-06-30,2027-05-30,306500.0,306500.0,BRL,Acme Brasil Ltda,subscription,quarterly,ratable,1,NET30,0,0,0,active,CLM
CTR-00165,OPP-00287,CUST-0064,2025-06-30,2025-06-30,2026-05-30,11100.0,0.0,USD,Acme US Inc,implementation,one-time,point_in_time,1,NET30,1,0,0,expired,CLM
CTR-00166,OPP-00288,CUST-0064,2026-01-30,2026-01-30,2027-12-30,36900.0,36900.0,USD,Acme US Inc,usage,quarterly,point_in_time,1,NET30,1,0,0,active,CLM
CTR-00167,OPP-00289,CUST-0064,2025-08-30,2025-08-30,2027-07-30,37300.0,37300.0,USD,Acme US Inc,usage,monthly,point_in_time,1,NET30,1,0,0,active,CLM
CTR-00168,OPP-00290,CUST-0064,2025-08-30,2025-08-30,2027-07-30,8200.0,0.0,USD,Acme US Inc,services,one-time,as_delivered,2,NET30,0,0,0,active,CLM
CTR-00169,OPP-00291,CUST-0065,2025-07-30,2025-07-30,2028-06-30,486800.0,0.0,USD,Acme US Inc,services,one-time,as_delivered,2,NET15,0,1,1,active,CLM
CTR-00170,OPP-00292,CUST-0065,2026-01-30,2026-01-30,2028-12-30,643800.0,214600.0,USD,Acme US Inc,subscription,monthly,ratable,1,NET15,0,1,0,active,CLM
CTR-00171,OPP-00293,CUST-0065,2026-01-30,2026-01-30,2027-12-30,740100.0,740100.0,USD,Acme US Inc,usage,monthly,point_in_time,1,NET15,0,1,0,active,CLM
CTR-00172,OPP-00294,CUST-0065,2026-05-30,2026-05-30,2028-04-30,670200.0,670200.0,USD,Acme US Inc,usage,annual,point_in_time,1,NET15,1,1,0,active,CLM
CTR-00173,OPP-00297,CUST-0066,2025-05-30,2025-05-30,2026-04-30,7000.0,7000.0,USD,Acme US Inc,subscription,quarterly,ratable,1,NET15,1,0,1,expired,CLM
CTR-00174,OPP-00304,CUST-0067,2026-03-30,2026-03-30,2027-02-28,136000.0,136000.0,USD,Acme US Inc,usage,quarterly,point_in_time,1,NET30,1,0,0,active,CLM
CTR-00175,OPP-00305,CUST-0068,2025-12-30,2025-12-30,2028-11-30,1945277.78,648425.93,EUR,Acme EU GmbH,subscription,monthly,ratable,1,NET30,0,0,0,expired,CLM
CTR-00176,OPP-00306,CUST-0068,2026-05-30,2026-05-30,2029-04-30,2042500.0,680833.33,EUR,Acme EU GmbH,subscription,monthly,ratable,1,NET30,1,0,1,active,CLM
CTR-00177,OPP-00309,CUST-0069,2026-06-30,2026-06-30,2027-05-30,108636363.64,0.0,ARS,Acme Argentina SA,services,one-time,as_delivered,2,NET30,0,0,0,active,CLM
CTR-00178,OPP-00311,CUST-0069,2025-08-30,2025-08-30,2027-07-30,106363636.36,0.0,ARS,Acme Argentina SA,services,one-time,as_delivered,2,NET30,0,0,0,active,CLM
CTR-00179,OPP-00312,CUST-0069,2025-07-30,2025-07-30,2028-06-30,397909090.91,132636363.64,ARS,Acme Argentina SA,subscription,annual,ratable,1,NET30,0,0,0,active,CLM
CTR-00180,OPP-00313,CUST-0069,2025-11-30,2025-11-30,2028-10-30,83454545.45,0.0,ARS,Acme Argentina SA,services,one-time,as_delivered,2,NET30,1,0,0,active,CLM
CTR-00181,OPP-00314,CUST-0070,2025-05-30,2025-05-30,2026-04-30,1724137.93,0.0,MXN,Acme Mexico SA,services,one-time,as_delivered,1,NET30,1,0,1,expired,CLM
CTR-00182,OPP-00316,CUST-0070,2025-04-30,2025-04-30,2027-03-30,1339655.17,0.0,MXN,Acme Mexico SA,services,one-time,as_delivered,1,NET30,1,0,0,active,CLM
CTR-00183,OPP-00319,CUST-0071,2026-04-30,2026-04-30,2028-03-30,1006851.85,0.0,EUR,Acme EU GmbH,implementation,one-time,point_in_time,1,NET15,1,1,0,expired,CLM
CTR-00184,OPP-00320,CUST-0071,2026-04-30,2026-04-30,2029-03-30,6155277.78,2051759.26,EUR,Acme EU GmbH,subscription,monthly,ratable,1,NET15,1,1,0,active,CLM
CTR-00185,OPP-00323,CUST-0071,2026-01-30,2026-01-30,2027-12-30,5896851.85,2948425.93,EUR,Acme EU GmbH,subscription,monthly,ratable,1,NET15,1,1,0,active,CLM
CTR-00186,OPP-00325,CUST-0072,2026-05-30,2026-05-30,2028-04-30,23500.0,0.0,BRL,Acme Brasil Ltda,implementation,one-time,point_in_time,2,NET30,0,0,0,active,CLM
CTR-00187,OPP-00328,CUST-0073,2026-05-30,2026-05-30,2029-04-30,449454545.45,149818181.82,ARS,Acme Argentina SA,subscription,monthly,ratable,1,NET30,1,0,0,active,CLM
CTR-00188,OPP-00330,CUST-0073,2025-06-30,2025-06-30,2028-05-30,29727272.73,0.0,ARS,Acme Argentina SA,implementation,one-time,point_in_time,1,NET30,1,0,0,active,CLM
CTR-00189,OPP-00331,CUST-0074,2025-09-30,2025-09-30,2027-08-30,223636363.64,0.0,ARS,Acme Argentina SA,implementation,one-time,point_in_time,1,NET45,1,1,0,suspended,CLM
CTR-00190,OPP-00332,CUST-0074,2025-11-30,2025-11-30,2028-10-30,411545454.55,0.0,ARS,Acme Argentina SA,implementation,one-time,point_in_time,3,NET45,1,1,0,suspended,CLM
CTR-00191,OPP-00333,CUST-0074,2025-06-30,2025-06-30,2027-05-30,1087090909.09,543545454.55,ARS,Acme Argentina SA,subscription,quarterly,ratable,1,NET45,1,1,0,suspended,CLM
CTR-00192,OPP-00334,CUST-0075,2026-05-30,2026-05-30,2029-04-30,1532362.2,510787.4,GBP,Acme UK Ltd,subscription,annual,ratable,1,NET30,1,0,0,active,CLM
CTR-00193,OPP-00335,CUST-0075,2025-07-30,2025-07-30,2027-06-30,155354.33,155354.33,GBP,Acme UK Ltd,usage,annual,point_in_time,1,NET30,0,0,0,active,CLM
CTR-00194,OPP-00336,CUST-0075,2025-09-30,2025-09-30,2026-08-30,78818.9,0.0,GBP,Acme UK Ltd,services,one-time,as_delivered,1,NET30,1,0,0,active,CLM
CTR-00195,OPP-00337,CUST-0075,2025-05-30,2025-05-30,2028-04-30,538346.46,179448.82,GBP,Acme UK Ltd,subscription,quarterly,ratable,1,NET30,0,0,0,active,CLM
CTR-00196,OPP-00340,CUST-0076,2025-03-30,2025-03-30,2027-02-28,15669.29,15669.29,GBP,Acme UK Ltd,usage,monthly,point_in_time,1,NET30,1,0,1,active,CLM
CTR-00197,OPP-00341,CUST-0076,2025-05-30,2025-05-30,2027-04-30,9055.12,0.0,GBP,Acme UK Ltd,services,one-time,as_delivered,2,NET30,0,0,0,active,CLM
CTR-00198,OPP-00344,CUST-0077,2025-08-30,2025-08-30,2027-07-30,141379.31,0.0,MXN,Acme Mexico SA,implementation,one-time,point_in_time,2,NET30,1,0,0,active,CLM
CTR-00199,OPP-00347,CUST-0077,2026-04-30,2026-04-30,2027-03-30,67241.38,0.0,MXN,Acme Mexico SA,services,one-time,as_delivered,3,NET30,0,0,0,terminated,CLM
CTR-00200,OPP-00348,CUST-0077,2025-04-30,2025-04-30,2027-03-30,243103.45,0.0,MXN,Acme Mexico SA,services,one-time,as_delivered,1,NET30,1,0,0,active,CLM
CTR-00201,OPP-00350,CUST-0078,2025-04-30,2025-04-30,2027-03-30,65800.0,65800.0,USD,Acme US Inc,usage,quarterly,point_in_time,1,NET45,1,0,0,active,CLM
CTR-00202,OPP-00352,CUST-0078,2025-04-30,2025-04-30,2028-03-30,427200.0,142400.0,USD,Acme US Inc,subscription,monthly,ratable,1,NET45,0,0,0,active,CLM
CTR-00203,OPP-00356,CUST-0079,2026-04-30,2026-04-30,2027-03-30,588100.0,588100.0,USD,Acme US Inc,subscription,monthly,ratable,1,NET30,1,1,0,active,CLM
CTR-00204,OPP-00357,CUST-0079,2025-07-30,2025-07-30,2028-06-30,287000.0,0.0,USD,Acme US Inc,implementation,one-time,point_in_time,2,NET30,0,1,0,active,CLM
CTR-00205,OPP-00358,CUST-0079,2025-10-30,2025-10-30,2026-09-30,202400.0,0.0,USD,Acme US Inc,implementation,one-time,point_in_time,1,NET30,1,1,0,active,CLM
CTR-00206,OPP-00359,CUST-0079,2026-03-30,2026-03-30,2027-02-28,511900.0,0.0,USD,Acme US Inc,services,one-time,as_delivered,1,NET30,0,1,0,active,CLM
CTR-00207,OPP-00360,CUST-0079,2025-12-30,2025-12-30,2027-11-30,1581800.0,790900.0,USD,Acme US Inc,subscription,monthly,ratable,1,NET30,1,1,0,terminated,CLM
CTR-00208,OPP-00361,CUST-0080,2025-06-30,2025-06-30,2028-05-30,410500.0,0.0,USD,Acme US Inc,services,one-time,as_delivered,1,NET30,1,0,0,active,CLM
CTR-00209,OPP-00362,CUST-0080,2026-05-30,2026-05-30,2028-04-30,308900.0,308900.0,USD,Acme US Inc,usage,quarterly,point_in_time,1,NET30,0,0,0,active,CLM
CTR-00210,OPP-00363,CUST-0080,2026-04-30,2026-04-30,2028-03-30,943800.0,471900.0,USD,Acme US Inc,subscription,quarterly,ratable,1,NET30,0,0,0,active,CLM
CTR-00211,OPP-00364,CUST-0080,2025-12-30,2025-12-30,2027-11-30,284700.0,284700.0,USD,Acme US Inc,usage,monthly,point_in_time,1,NET30,0,0,0,active,CLM
CTR-00212,OPP-00365,CUST-0081,2025-07-30,2025-07-30,2027-06-30,2700.0,0.0,USD,Acme US Inc,services,one-time,as_delivered,2,NET30,1,0,0,active,CLM
CTR-00213,OPP-00368,CUST-0081,2025-07-30,2025-07-30,2028-06-30,5100.0,0.0,USD,Acme US Inc,implementation,one-time,point_in_time,2,NET30,1,0,0,active,CLM
CTR-00214,OPP-00370,CUST-0082,2026-01-30,2026-01-30,2027-12-30,38500.0,0.0,USD,Acme US Inc,implementation,one-time,point_in_time,2,NET30,1,0,0,active,CLM
CTR-00215,OPP-00371,CUST-0082,2025-07-30,2025-07-30,2026-06-30,147800.0,147800.0,USD,Acme US Inc,usage,monthly,point_in_time,1,NET30,1,0,0,active,CLM
CTR-00216,OPP-00374,CUST-0083,2025-06-30,2025-06-30,2026-05-30,14351.85,0.0,EUR,Acme EU GmbH,services,one-time,as_delivered,2,NET30,0,0,0,expired,CLM
CTR-00217,OPP-00378,CUST-0083,2025-12-30,2025-12-30,2026-11-30,9629.63,0.0,EUR,Acme EU GmbH,implementation,one-time,point_in_time,2,NET30,1,0,0,active,CLM
CTR-00218,OPP-00380,CUST-0084,2025-03-30,2025-03-30,2027-02-28,14000.0,7000.0,USD,Acme US Inc,subscription,annual,ratable,1,NET30,1,0,0,active,CLM
CTR-00219,OPP-00381,CUST-0084,2025-12-30,2025-12-30,2026-11-30,29100.0,29100.0,USD,Acme US Inc,subscription,quarterly,ratable,1,NET30,1,0,0,active,CLM
CTR-00220,OPP-00382,CUST-0084,2025-07-30,2025-07-30,2026-06-30,23900.0,23900.0,USD,Acme US Inc,usage,quarterly,point_in_time,1,NET30,1,0,0,active,CLM
CTR-00221,OPP-00383,CUST-0084,2025-04-30,2025-04-30,2027-03-30,7600.0,0.0,USD,Acme US Inc,services,one-time,as_delivered,1,NET30,0,0,0,active,CLM
CTR-00222,OPP-00385,CUST-0085,2026-05-30,2026-05-30,2027-04-30,1387100.0,0.0,USD,Acme US Inc,services,one-time,as_delivered,2,NET30,0,0,0,active,CLM
CTR-00223,OPP-00388,CUST-0086,2026-06-30,2026-06-30,2028-05-30,90800.0,45400.0,USD,Acme US Inc,subscription,monthly,ratable,1,NET15,1,0,0,expired,CLM
CTR-00224,OPP-00390,CUST-0086,2025-09-30,2025-09-30,2026-08-30,83100.0,83100.0,USD,Acme US Inc,subscription,monthly,ratable,1,NET15,0,0,0,active,CLM
CTR-00225,OPP-00392,CUST-0087,2026-02-28,2026-02-28,2027-01-28,88300.0,0.0,USD,Acme US Inc,services,one-time,as_delivered,1,NET90,0,0,0,active,CLM
CTR-00226,OPP-00393,CUST-0087,2026-01-30,2026-01-30,2027-12-30,126000.0,63000.0,USD,Acme US Inc,subscription,quarterly,ratable,1,NET90,1,0,0,active,CLM
CTR-00227,OPP-00395,CUST-0088,2025-04-30,2025-04-30,2027-03-30,11800.0,11800.0,USD,Acme US Inc,usage,monthly,point_in_time,1,NET15,1,0,0,active,CLM
CTR-00228,OPP-00398,CUST-0088,2026-06-30,2026-06-30,2027-05-30,21000.0,0.0,USD,Acme US Inc,implementation,one-time,point_in_time,1,NET15,1,0,1,active,CLM
CTR-00229,OPP-00399,CUST-0088,2025-09-30,2025-09-30,2027-08-30,18000.0,0.0,USD,Acme US Inc,services,one-time,as_delivered,1,NET15,1,0,0,active,CLM
CTR-00230,OPP-00402,CUST-0089,2026-05-30,2026-05-30,2027-04-30,90462.96,90462.96,EUR,Acme EU GmbH,usage,monthly,point_in_time,1,NET30,1,0,0,active,CLM
CTR-00231,OPP-00405,CUST-0089,2025-06-30,2025-06-30,2028-05-30,76018.52,76018.52,EUR,Acme EU GmbH,usage,monthly,point_in_time,1,NET30,0,0,0,active,CLM
CTR-00232,OPP-00407,CUST-0090,2025-03-30,2025-03-30,2028-02-29,72000.0,0.0,USD,Acme US Inc,implementation,one-time,point_in_time,2,NET45,1,0,1,active,CLM
CTR-00233,OPP-00408,CUST-0090,2025-05-30,2025-05-30,2027-04-30,132000.0,132000.0,USD,Acme US Inc,usage,quarterly,point_in_time,1,NET45,1,0,0,active,CLM
CTR-00234,OPP-00410,CUST-0090,2026-04-30,2026-04-30,2029-03-30,50600.0,0.0,USD,Acme US Inc,implementation,one-time,point_in_time,1,NET45,0,0,0,active,CLM
CTR-00235,OPP-00411,CUST-0090,2025-10-30,2025-10-30,2026-09-30,122200.0,122200.0,USD,Acme US Inc,subscription,monthly,ratable,1,NET45,1,0,0,active,CLM
CTR-00236,OPP-00412,CUST-0090,2025-11-30,2025-11-30,2027-10-30,173500.0,173500.0,USD,Acme US Inc,usage,quarterly,point_in_time,1,NET45,0,0,0,active,CLM
CTR-00237,OPP-00414,CUST-0091,2026-04-30,2026-04-30,2029-03-30,72900.0,72900.0,USD,Acme US Inc,usage,monthly,point_in_time,1,NET90,1,0,0,active,CLM
CTR-00238,OPP-00417,CUST-0092,2025-09-30,2025-09-30,2026-08-30,10092.59,0.0,EUR,Acme EU GmbH,services,one-time,as_delivered,2,NET30,1,0,1,active,CLM
CTR-00239,OPP-00418,CUST-0092,2025-12-30,2025-12-30,2027-11-30,16203.7,0.0,EUR,Acme EU GmbH,implementation,one-time,point_in_time,1,NET30,0,0,0,active,CLM
CTR-00240,OPP-00419,CUST-0093,2025-06-30,2025-06-30,2028-05-30,57900.0,0.0,USD,Acme US Inc,implementation,one-time,point_in_time,1,NET90,1,0,0,active,CLM
CTR-00241,OPP-00420,CUST-0093,2026-05-30,2026-05-30,2028-04-30,124900.0,124900.0,USD,Acme US Inc,usage,monthly,point_in_time,1,NET90,0,0,0,active,CLM
CTR-00242,OPP-00421,CUST-0093,2026-05-30,2026-05-30,2029-04-30,512100.0,170700.0,USD,Acme US Inc,subscription,quarterly,ratable,1,NET90,1,0,0,active,CLM
CTR-00243,OPP-00422,CUST-0093,2025-04-30,2025-04-30,2027-03-30,237400.0,118700.0,USD,Acme US Inc,subscription,quarterly,ratable,1,NET90,1,0,0,active,CLM
CTR-00244,OPP-00428,CUST-0094,2025-07-30,2025-07-30,2026-06-30,140787.4,140787.4,GBP,Acme UK Ltd,usage,quarterly,point_in_time,1,NET30,1,0,0,active,CLM
CTR-00245,OPP-00429,CUST-0094,2026-05-30,2026-05-30,2028-04-30,175748.03,87874.02,GBP,Acme UK Ltd,subscription,quarterly,ratable,1,NET30,0,0,0,active,CLM
CTR-00246,OPP-00432,CUST-0095,2025-06-30,2025-06-30,2026-05-30,874137.93,0.0,MXN,Acme Mexico SA,implementation,one-time,point_in_time,3,NET45,1,0,0,expired,CLM
CTR-00247,OPP-00434,CUST-0096,2025-08-30,2025-08-30,2027-07-30,224000.0,112000.0,USD,Acme US Inc,subscription,monthly,ratable,1,NET30,1,0,0,active,CLM
CTR-00248,OPP-00440,CUST-0097,2026-03-30,2026-03-30,2029-02-28,807600.0,807600.0,USD,Acme US Inc,usage,quarterly,point_in_time,1,NET30,0,1,0,active,CLM
CTR-00249,OPP-00441,CUST-0097,2025-09-30,2025-09-30,2027-08-30,3486800.0,1743400.0,USD,Acme US Inc,subscription,monthly,ratable,1,NET30,1,1,0,active,CLM
CTR-00250,OPP-00442,CUST-0097,2025-03-30,2025-03-30,2027-02-28,498900.0,0.0,USD,Acme US Inc,services,one-time,as_delivered,1,NET30,1,1,0,active,CLM
CTR-00251,OPP-00443,CUST-0097,2025-09-30,2025-09-30,2026-08-30,755700.0,0.0,USD,Acme US Inc,implementation,one-time,point_in_time,1,NET30,1,1,0,active,CLM
CTR-00252,OPP-00444,CUST-0098,2026-01-30,2026-01-30,2028-12-30,270400.0,0.0,USD,Acme US Inc,implementation,one-time,point_in_time,1,NET45,0,0,0,active,CLM
CTR-00253,OPP-00445,CUST-0098,2026-01-30,2026-01-30,2026-12-30,381200.0,381200.0,USD,Acme US Inc,subscription,monthly,ratable,1,NET45,1,0,0,active,CLM
CTR-00254,OPP-00446,CUST-0098,2026-01-30,2026-01-30,2027-12-30,419200.0,0.0,USD,Acme US Inc,implementation,one-time,point_in_time,2,NET45,0,0,0,active,CLM
CTR-00255,OPP-00447,CUST-0098,2026-01-30,2026-01-30,2027-12-30,548700.0,548700.0,USD,Acme US Inc,usage,monthly,point_in_time,1,NET45,0,0,0,active,CLM
CTR-00256,OPP-00448,CUST-0098,2025-07-30,2025-07-30,2026-06-30,852400.0,852400.0,USD,Acme US Inc,usage,monthly,point_in_time,1,NET45,1,0,1,active,CLM
CTR-00257,OPP-00450,CUST-0099,2025-03-30,2025-03-30,2028-02-29,64909090.91,21636363.64,ARS,Acme Argentina SA,subscription,monthly,ratable,1,NET30,0,1,0,active,CLM
CTR-00258,OPP-00452,CUST-0100,2026-05-30,2026-05-30,2029-04-30,59291.34,19763.78,GBP,Acme UK Ltd,subscription,monthly,ratable,1,NET30,1,0,0,active,CLM
CTR-00259,OPP-00455,CUST-0100,2025-05-30,2025-05-30,2027-04-30,7795.28,0.0,GBP,Acme UK Ltd,implementation,one-time,point_in_time,1,NET30,0,0,0,active,CLM
CTR-00260,OPP-00456,CUST-0100,2025-09-30,2025-09-30,2028-08-30,58110.24,19370.08,GBP,Acme UK Ltd,subscription,quarterly,ratable,1,NET30,1,0,0,active,CLM
CTR-00261,OPP-00457,CUST-0100,2025-08-30,2025-08-30,2026-07-30,8425.2,0.0,GBP,Acme UK Ltd,implementation,one-time,point_in_time,3,NET30,1,0,0,active,CLM
CTR-00262,OPP-00463,CUST-0102,2025-05-30,2025-05-30,2027-04-30,5621000.0,2810500.0,BRL,Acme Brasil Ltda,subscription,monthly,ratable,1,NET45,1,0,0,active,CLM
CTR-00263,OPP-00465,CUST-0103,2026-05-30,2026-05-30,2027-04-30,21800.0,21800.0,USD,Acme US Inc,usage,monthly,point_in_time,1,NET30,1,0,0,active,CLM
CTR-00264,OPP-00466,CUST-0103,2025-06-30,2025-06-30,2027-05-30,9600.0,0.0,USD,Acme US Inc,services,one-time,as_delivered,1,NET30,1,0,0,active,CLM
CTR-00265,OPP-00467,CUST-0103,2025-11-30,2025-11-30,2027-10-30,47000.0,23500.0,USD,Acme US Inc,subscription,monthly,ratable,1,NET30,1,0,0,active,CLM
CTR-00266,OPP-00468,CUST-0104,2025-08-30,2025-08-30,2028-07-30,52440.94,0.0,GBP,Acme UK Ltd,services,one-time,as_delivered,2,NET45,0,1,0,active,CLM
CTR-00267,OPP-00471,CUST-0105,2026-05-30,2026-05-30,2027-04-30,31200.0,31200.0,USD,Acme US Inc,subscription,monthly,ratable,1,NET30,0,0,0,active,CLM
CTR-00268,OPP-00475,CUST-0106,2025-03-30,2025-03-30,2028-02-29,46700.0,0.0,USD,Acme US Inc,implementation,one-time,point_in_time,1,NET30,0,0,0,active,CLM
CTR-00269,OPP-00476,CUST-0106,2026-01-30,2026-01-30,2028-12-30,66400.0,0.0,USD,Acme US Inc,services,one-time,as_delivered,1,NET30,1,0,0,active,CLM
CTR-00270,OPP-00480,CUST-0107,2026-03-30,2026-03-30,2028-02-29,67800.0,0.0,USD,Acme US Inc,implementation,one-time,point_in_time,2,NET30,0,0,0,active,CLM
CTR-00271,OPP-00481,CUST-0107,2026-03-30,2026-03-30,2027-02-28,80800.0,0.0,USD,Acme US Inc,services,one-time,as_delivered,3,NET30,1,0,0,active,CLM
CTR-00272,OPP-00485,CUST-0108,2025-03-30,2025-03-30,2027-02-28,17800.0,0.0,USD,Acme US Inc,services,one-time,as_delivered,2,NET30,1,0,0,active,CLM
CTR-00273,OPP-00488,CUST-0109,2025-11-30,2025-11-30,2028-10-30,1696551.72,1696551.72,MXN,Acme Mexico SA,usage,monthly,point_in_time,1,NET30,0,0,0,active,CLM
CTR-00274,OPP-00490,CUST-0109,2025-09-30,2025-09-30,2026-08-30,2013793.1,2013793.1,MXN,Acme Mexico SA,subscription,monthly,ratable,1,NET30,1,0,0,active,CLM
CTR-00275,OPP-00491,CUST-0110,2025-10-30,2025-10-30,2027-09-30,9200.0,0.0,USD,Acme US Inc,implementation,one-time,point_in_time,2,NET30,0,0,0,active,CLM
CTR-00276,OPP-00492,CUST-0110,2026-02-28,2026-02-28,2027-01-28,31300.0,31300.0,USD,Acme US Inc,subscription,monthly,ratable,1,NET30,0,0,0,active,CLM
CTR-00277,OPP-00493,CUST-0110,2025-04-30,2025-04-30,2026-03-30,22600.0,22600.0,USD,Acme US Inc,usage,quarterly,point_in_time,1,NET30,1,0,1,expired,CLM
CTR-00278,OPP-00496,CUST-0111,2026-05-30,2026-05-30,2028-04-30,212200.0,106100.0,USD,Acme US Inc,subscription,annual,ratable,1,NET30,1,0,0,active,CLM
CTR-00279,OPP-00497,CUST-0111,2025-09-30,2025-09-30,2026-08-30,45500.0,0.0,USD,Acme US Inc,implementation,one-time,point_in_time,1,NET30,1,0,0,active,CLM
CTR-00280,OPP-00499,CUST-0111,2025-05-30,2025-05-30,2026-04-30,58800.0,58800.0,USD,Acme US Inc,usage,quarterly,point_in_time,1,NET30,1,0,0,expired,CLM
CTR-00281,OPP-00501,CUST-0112,2025-09-30,2025-09-30,2027-08-30,1020157.48,510078.74,GBP,Acme UK Ltd,subscription,quarterly,ratable,1,NET30,0,1,0,active,CLM
CTR-00282,OPP-00504,CUST-0113,2026-03-30,2026-03-30,2028-02-29,2000.0,0.0,USD,Acme US Inc,implementation,one-time,point_in_time,1,NET30,1,0,1,active,CLM
CTR-00283,OPP-00505,CUST-0113,2025-05-30,2025-05-30,2028-04-30,9800.0,9800.0,USD,Acme US Inc,usage,annual,point_in_time,1,NET30,0,0,0,active,CLM
CTR-00284,OPP-00506,CUST-0113,2026-06-30,2026-06-30,2029-05-30,19900.0,0.0,USD,Acme US Inc,implementation,one-time,point_in_time,1,NET30,0,0,0,active,CLM
CTR-00285,OPP-00509,CUST-0114,2026-06-30,2026-06-30,2028-05-30,63858.27,0.0,GBP,Acme UK Ltd,services,one-time,as_delivered,3,NET30,1,0,0,active,CLM
CTR-00286,OPP-00511,CUST-0114,2026-06-30,2026-06-30,2028-05-30,27874.02,0.0,GBP,Acme UK Ltd,services,one-time,as_delivered,2,NET30,1,0,1,active,CLM
CTR-00287,OPP-00512,CUST-0114,2025-12-30,2025-12-30,2027-11-30,139133.86,139133.86,GBP,Acme UK Ltd,usage,annual,point_in_time,1,NET30,1,0,0,active,CLM
CTR-00288,OPP-00513,CUST-0114,2025-05-30,2025-05-30,2028-04-30,92834.65,0.0,GBP,Acme UK Ltd,implementation,one-time,point_in_time,2,NET30,1,0,0,active,CLM
CTR-00289,OPP-00514,CUST-0114,2026-05-30,2026-05-30,2028-04-30,50000.0,0.0,GBP,Acme UK Ltd,implementation,one-time,point_in_time,3,NET30,1,0,0,active,CLM
CTR-00290,OPP-00515,CUST-0115,2026-03-30,2026-03-30,2028-02-29,5740.74,0.0,EUR,Acme EU GmbH,services,one-time,as_delivered,2,NET30,0,0,0,active,CLM
CTR-00291,OPP-00517,CUST-0115,2025-09-30,2025-09-30,2027-08-30,10555.56,10555.56,EUR,Acme EU GmbH,usage,monthly,point_in_time,1,NET30,1,0,0,active,CLM
CTR-00292,OPP-00518,CUST-0116,2025-08-30,2025-08-30,2027-07-30,20800.0,0.0,USD,Acme US Inc,implementation,one-time,point_in_time,2,NET45,0,0,0,expired,CLM
CTR-00293,OPP-00520,CUST-0116,2025-09-30,2025-09-30,2026-08-30,10000.0,0.0,USD,Acme US Inc,implementation,one-time,point_in_time,3,NET45,0,0,1,active,CLM
CTR-00294,OPP-00521,CUST-0116,2025-03-30,2025-03-30,2028-02-29,36300.0,36300.0,USD,Acme US Inc,usage,annual,point_in_time,1,NET45,0,0,0,active,CLM
CTR-00295,OPP-00524,CUST-0116,2025-11-30,2025-11-30,2028-10-30,19200.0,6400.0,USD,Acme US Inc,subscription,annual,ratable,1,NET45,1,0,0,active,CLM
CTR-00296,OPP-00526,CUST-0117,2025-10-30,2025-10-30,2027-09-30,413300.0,413300.0,USD,Acme US Inc,usage,quarterly,point_in_time,1,NET30,1,1,0,expired,CLM
CTR-00297,OPP-00528,CUST-0117,2026-04-30,2026-04-30,2029-03-30,250100.0,0.0,USD,Acme US Inc,services,one-time,as_delivered,2,NET30,1,1,1,active,CLM
CTR-00298,OPP-00529,CUST-0117,2026-02-28,2026-02-28,2028-01-28,801300.0,801300.0,USD,Acme US Inc,usage,monthly,point_in_time,1,NET30,1,1,0,active,CLM
CTR-00299,OPP-00531,CUST-0118,2025-06-30,2025-06-30,2028-05-30,7700.0,0.0,USD,Acme US Inc,implementation,one-time,point_in_time,1,NET30,1,0,0,active,CLM
CTR-00300,OPP-00533,CUST-0118,2025-05-30,2025-05-30,2028-04-30,6800.0,0.0,USD,Acme US Inc,implementation,one-time,point_in_time,2,NET30,0,0,0,active,CLM
CTR-00301,OPP-00535,CUST-0119,2025-11-30,2025-11-30,2028-10-30,14259.26,0.0,EUR,Acme EU GmbH,implementation,one-time,point_in_time,2,NET15,1,1,0,active,CLM
CTR-00302,OPP-00536,CUST-0119,2025-07-30,2025-07-30,2028-06-30,16481.48,0.0,EUR,Acme EU GmbH,services,one-time,as_delivered,2,NET15,0,1,0,active,CLM
CTR-00303,OPP-00537,CUST-0119,2026-02-28,2026-02-28,2028-01-28,16296.3,0.0,EUR,Acme EU GmbH,implementation,one-time,point_in_time,2,NET15,1,1,0,active,CLM
CTR-00304,OPP-00538,CUST-0120,2025-08-30,2025-08-30,2028-07-30,59814.81,59814.81,EUR,Acme EU GmbH,usage,monthly,point_in_time,1,NET60,1,0,1,active,CLM
CTR-00305,OPP-00540,CUST-0120,2025-05-30,2025-05-30,2026-04-30,92222.22,0.0,EUR,Acme EU GmbH,implementation,one-time,point_in_time,1,NET60,1,0,0,expired,CLM
CTR-00306,OPP-00542,CUST-0120,2026-05-30,2026-05-30,2028-04-30,29351.85,0.0,EUR,Acme EU GmbH,implementation,one-time,point_in_time,1,NET60,0,0,0,active,CLM
CTR-00307,OPP-00543,CUST-0121,2025-09-30,2025-09-30,2027-08-30,3800.0,0.0,USD,Acme US Inc,services,one-time,as_delivered,2,NET45,1,0,0,active,CLM
CTR-00308,OPP-00544,CUST-0121,2026-03-30,2026-03-30,2028-02-29,75800.0,37900.0,USD,Acme US Inc,subscription,monthly,ratable,1,NET45,1,0,0,active,CLM
CTR-00309,OPP-00547,CUST-0122,2026-04-30,2026-04-30,2027-03-30,2752500.0,2752500.0,BRL,Acme Brasil Ltda,subscription,monthly,ratable,1,NET15,1,0,0,active,CLM
CTR-00310,OPP-00548,CUST-0122,2026-04-30,2026-04-30,2027-03-30,2645000.0,2645000.0,BRL,Acme Brasil Ltda,subscription,annual,ratable,1,NET15,0,0,0,active,CLM
CTR-00311,OPP-00550,CUST-0123,2025-10-30,2025-10-30,2028-09-30,2419500.0,806500.0,USD,Acme US Inc,subscription,monthly,ratable,1,NET30,0,1,0,active,CLM
CTR-00312,OPP-00552,CUST-0123,2025-11-30,2025-11-30,2028-10-30,780500.0,780500.0,USD,Acme US Inc,usage,quarterly,point_in_time,1,NET30,0,1,0,active,CLM
CTR-00313,OPP-00557,CUST-0124,2025-11-30,2025-11-30,2026-10-30,1293703.7,0.0,EUR,Acme EU GmbH,implementation,one-time,point_in_time,1,NET45,1,1,0,expired,CLM
CTR-00314,OPP-00558,CUST-0124,2025-03-30,2025-03-30,2028-02-29,1602870.37,0.0,EUR,Acme EU GmbH,implementation,one-time,point_in_time,2,NET45,1,1,0,active,CLM
CTR-00315,OPP-00559,CUST-0125,2026-04-30,2026-04-30,2028-03-30,34330.71,17165.35,GBP,Acme UK Ltd,subscription,monthly,ratable,1,NET60,1,0,0,active,CLM
CTR-00316,OPP-00560,CUST-0125,2026-01-30,2026-01-30,2028-12-30,75826.77,25275.59,GBP,Acme UK Ltd,subscription,monthly,ratable,1,NET60,1,0,0,active,CLM
CTR-00317,OPP-00561,CUST-0125,2025-03-30,2025-03-30,2027-02-28,11732.28,0.0,GBP,Acme UK Ltd,services,one-time,as_delivered,2,NET60,0,0,0,active,CLM
CTR-00318,OPP-00564,CUST-0125,2025-10-30,2025-10-30,2028-09-30,13464.57,4488.19,GBP,Acme UK Ltd,subscription,monthly,ratable,1,NET60,0,0,1,active,CLM
